If(db_id(N'PPUD') IS NULL)
	CREATE DATABASE PPUD;
GO

USE [PPUD];
GO

IF OBJECT_ID('dbo.REVIEW', 'U') IS NOT NULL
	DROP TABLE dbo.REVIEW;
GO

IF OBJECT_ID('dbo.REVIEW_REASON', 'U') IS NOT NULL
	DROP TABLE dbo.REVIEW_REASON;
GO

IF OBJECT_ID('dbo.OFFENDER', 'U') IS NOT NULL
	DROP TABLE dbo.OFFENDER;
GO

IF OBJECT_ID('dbo.DOCUMENTS', 'U') IS NOT NULL
	DROP TABLE dbo.DOCUMENTS;
GO

CREATE TABLE dbo.REVIEW (
	REVIEW_ID int NOT NULL IDENTITY(1,1),
	OFFENDER_ID int NOT NULL,
	REVIEW_DATE datetime NULL,
	REVIEW_TYPE int NOT NULL,
	REVIEW_REASON int NOT NULL,
	RECOMMENDATION_TARGET datetime NULL,
	RECOMMENDATION_ACTUAL datetime NULL,
	REVIEW_RECOMMENDATION int NULL,
	REVIEW_RESULT int NULL,
	REVIEW_STATUS int NULL,
	REVIEW_COMMENTS text NULL,
	VIDEOLINK bit NOT NULL,
	VICTIM_DETAILS_OBTAINED bit NOT NULL,
	SOLICITOR varchar(50) NULL,
	HOLDING_ESTABLISHMENT int NOT NULL,
	ADVOCATE_DETAILS varchar(255) NULL,
	WITNESS_DETAILS varchar(255) NULL,
	PANEL_DETAILS varchar(255) NULL,
	OWNING_CASEWORKER int NULL,
	ARCHIVED datetime NULL,
	REASON_FOR_FURTHER_REVIEW int NULL,
	SIFT_RESULT int NOT NULL,
	ADVOCATE_ATTENDED bit NOT NULL,
	ISRECALL_FLAG bit NOT NULL,
	NOTIONAL_LED datetime NULL,
	SLED datetime NULL,
	CHANGED datetime NOT NULL,
	tempid int NULL,
	NEXT_REVIEW_DATE datetime NULL,
	SUBS_OUTCOME_TARGET datetime NULL,
	SUBS_OUTCOME_DATE datetime NULL,
	SUBSEQUENT_OUTCOME int NULL,
	RECOMMENDATION_OVERRIDDEN bit NULL,
	DETENTION_AUTHORITY int NULL,
	TRIBUNAL_OFFICE int NULL,
	DELETED datetime NULL,
	IS_DA bit NOT NULL,
	RECORD_CREATION_DATE datetime NULL,
	RECORD_CREATED_BY int NULL,
	PROBATION_AREA int NULL,
	ADVOCATE_ATTENDANCE_REQUIRED bit NULL,
	ADVOCATE_ATTENDED_HEARING bit NULL,
	HEARING_BY_VIDEO_LINK bit NULL,
	NON_DISCLOSURE_MATERIAL bit NULL,
	VICTIM_ATTENDING_HEARING bit NULL,
	VICTIM_CONTACT bit NULL,
	VICTIM_IMPACT_STATEMENT_SUBMITTED bit NULL,
	VLO_ATTENDING_HEARING bit NULL,
	ADVOCATE_WHO_ATTENDED_THE_HEARING int NULL,
	S_OF_S_VIEW_WRITER int NULL,
	PB_SECRETARIAT_CASEWORKER varchar(100) NULL,
	PPA_SOLICITOR varchar(100) NULL,
	ORAL_HEARING_DATE datetime NULL,
	ACTUAL_REFERRAL_DATE datetime NULL,
	DATE_CHECKED_BY_PB datetime NULL,
	LATE_REFERRAL bit NULL,
	REASON_FOR_LATE_REFERRAL int NULL,
	SOLICITOR_STATUS int NULL,
	SOLICITOR_FIRM varchar(50) NULL,
	SOLICITOR_ADDRESS_1 varchar(50) NULL,
	SOLICITOR_ADDRESS_2 varchar(50) NULL,
	SOLICITOR_ADDRESS_3 varchar(50) NULL,
	SOLICITOR_POSTCODE varchar(10) NULL,
	SOLICITOR_PHONE varchar(20) NULL,
	SOLICITOR_FAX varchar(20) NULL,
	SOLICITOR_EMAIL varchar(50) NULL,
	ASSIGNED_SOLICITOR varchar(50) NULL,
	ASSIGNED_COUNSEL varchar(50) NULL,
	PROBATION_CONTRACT varchar(50) NULL,
	ORGINAL_TARGET_DATE datetime NULL,
	CURRENT_TARGET_DATE datetime NULL,
	DX_ADDRESS_1 varchar(50) NULL,
	DX_ADDRESS_2 varchar(50) NULL,
	DX_ADDRESS_3 varchar(50) NULL,
	DX_ADDRESS_4 varchar(50) NULL,
	DX_POSTCODE varchar(10) NULL,
	PAROLE_BOARD_CASEWORKER int NULL,
	PRISON_CASEWORKER int NULL,
	MILESTONES_CREATED bit NOT NULL,
	RECORD_LAST_SAVED_BY int NULL,
	RECORD_LAST_SAVED_DATE datetime NULL,
	SOLICITOR_ADDRESS_4 varchar(250) NULL,
	TEMP_DATE datetime NULL,
	TEMP_ACCEPT int NULL,
	COLOUR varchar(30) NULL,
	ADJUSTED_SED datetime NULL,
	REFERRED_TO_PPA bit NULL,
	DELETED_BY int NULL,
	DOSSIER_ESTABLISHMENT int NULL,
	SENTENCE int NULL,
	RE_REFERRAL bit NULL,
	RE_REFERRAL_DATE datetime NULL,
	DOSSIER_CASEWORKER int NULL,
	ACTIVE_HEARING bit NULL,
	ASSESSOR int NULL,
	FAILURE_IN_OPEN_CONDITION int NULL,
	SOLICITOR_ATTENDEE int NULL,
	PROBATION_CONTACT_ATTENDEE int NULL,
	OFFENDER_SUPERVISOR_ATTENDEE int NULL,
	SOLICITOR_ID int NULL,
	VISIBLE_ON_WAM bit NOT NULL,
	CURRENT_WAM_REVIEW bit NOT NULL,
	MAND_DOCS_RECEIVED int NOT NULL,
	MAND_DOC_PRE_SENTENCE_REP bit NULL,
	MAND_DOC_PREV_CONV bit NULL,
	MAND_DOC_JUD_SENT_REMARKS bit NULL,
	ADDITIONAL_APPLICATIONS_RECEIVED bit NOT NULL,
	NO_OF_APPLICATIONS int NULL,
	LOCK_PB_CASEWORKER bit NULL
);
GO

CREATE TABLE [dbo].[REVIEW_REASON](
	[ID] [int] IDENTITY(1,1) NOT NULL,
	[DESCRIPTION] [varchar](50) NOT NULL,
	[DELETED] [datetime] NULL,
	[SORT_ORDER] [int] NULL,
	[SORT_ORDER2] [int] NULL,
	[SHOW_TO_UNIT] [int] NULL,
	[LOV_UPDATED_BY] [int] NULL,
	[LOV_UPDATED_DATE] [datetime] NULL,
	[LOV_CREATED_BY] [int] NULL,
	[LOV_CREATED_DATE] [datetime] NULL,
	[LOV_DELETED_BY] [int] NULL,
 CONSTRAINT [PK__REVIEW_REASON__6383C8BA] PRIMARY KEY CLUSTERED 
(
	[ID] ASC
)WITH (PAD_INDEX = OFF, STATISTICS_NORECOMPUTE = OFF, IGNORE_DUP_KEY = OFF, ALLOW_ROW_LOCKS = ON, ALLOW_PAGE_LOCKS = ON) ON [PRIMARY]
) ON [PRIMARY];
GO

CREATE TABLE [dbo].[OFFENDER](
	[OFFENDER_ID] [int] IDENTITY(1,1) NOT NULL,
	[FILE_REFERENCE] [varchar](20) NULL,
	[PRISON_NUMBER] [varchar](50) NULL,
	[CRO_PNC] [varchar](50) NULL,
	[FIRST_NAMES] [varchar](50) NULL,
	[FAMILY_NAME] [varchar](50) NULL,
	[DOB] [datetime] NULL,
 CONSTRAINT [PK__OFFENDER__31B762FC] PRIMARY KEY CLUSTERED 
(
	[OFFENDER_ID] ASC
)WITH (PAD_INDEX = OFF, STATISTICS_NORECOMPUTE = OFF, IGNORE_DUP_KEY = OFF, ALLOW_ROW_LOCKS = ON, ALLOW_PAGE_LOCKS = ON) ON [PRIMARY]
) ON [PRIMARY];

CREATE TABLE [dbo].[DOCUMENTS](
	[ID] [int] IDENTITY(1,1) NOT NULL,
	[REVIEW] [int] NULL,
	[DOCUMENT_TYPE] [varchar](100) NULL,
	[DOCUMENT_TITLE] [varchar](100) NULL,
	[COMMENTS] [varchar](2000) NULL,
	[FILE_EXTENSION] [varchar](5) NULL,
	[DRAFT] [bit] NOT NULL,
 CONSTRAINT [PK_DOCUMENTS] PRIMARY KEY CLUSTERED
(
	[ID] ASC
)WITH (PAD_INDEX = OFF, STATISTICS_NORECOMPUTE = OFF, IGNORE_DUP_KEY = OFF, ALLOW_ROW_LOCKS = ON, ALLOW_PAGE_LOCKS = ON) ON [PRIMARY]
) ON [PRIMARY]

ALTER TABLE dbo.REVIEW ADD CONSTRAINT PK__REVIEW__70DDC3D8 PRIMARY KEY (REVIEW_ID);
GO

SET IDENTITY_INSERT dbo.REVIEW ON;  
GO

-- Inserting 30 rows into dbo.REVIEW
-- Insert batch #1
INSERT INTO dbo.REVIEW (REVIEW_ID, OFFENDER_ID, REVIEW_DATE, REVIEW_TYPE, REVIEW_REASON, RECOMMENDATION_TARGET, RECOMMENDATION_ACTUAL, REVIEW_RECOMMENDATION, REVIEW_RESULT, REVIEW_STATUS, REVIEW_COMMENTS, VIDEOLINK, VICTIM_DETAILS_OBTAINED, SOLICITOR, HOLDING_ESTABLISHMENT, ADVOCATE_DETAILS, WITNESS_DETAILS, PANEL_DETAILS, OWNING_CASEWORKER, ARCHIVED, REASON_FOR_FURTHER_REVIEW, SIFT_RESULT, ADVOCATE_ATTENDED, ISRECALL_FLAG, NOTIONAL_LED, SLED, CHANGED, tempid, NEXT_REVIEW_DATE, SUBS_OUTCOME_TARGET, SUBS_OUTCOME_DATE, SUBSEQUENT_OUTCOME, RECOMMENDATION_OVERRIDDEN, DETENTION_AUTHORITY, TRIBUNAL_OFFICE, DELETED, IS_DA, RECORD_CREATION_DATE, RECORD_CREATED_BY, PROBATION_AREA, ADVOCATE_ATTENDANCE_REQUIRED, ADVOCATE_ATTENDED_HEARING, HEARING_BY_VIDEO_LINK, NON_DISCLOSURE_MATERIAL, VICTIM_ATTENDING_HEARING, VICTIM_CONTACT, VICTIM_IMPACT_STATEMENT_SUBMITTED, VLO_ATTENDING_HEARING, ADVOCATE_WHO_ATTENDED_THE_HEARING, S_OF_S_VIEW_WRITER, PB_SECRETARIAT_CASEWORKER, PPA_SOLICITOR, ORAL_HEARING_DATE, ACTUAL_REFERRAL_DATE, DATE_CHECKED_BY_PB, LATE_REFERRAL, REASON_FOR_LATE_REFERRAL, SOLICITOR_STATUS, SOLICITOR_FIRM, SOLICITOR_ADDRESS_1, SOLICITOR_ADDRESS_2, SOLICITOR_ADDRESS_3, SOLICITOR_POSTCODE, SOLICITOR_PHONE, SOLICITOR_FAX, SOLICITOR_EMAIL, ASSIGNED_SOLICITOR, ASSIGNED_COUNSEL, PROBATION_CONTRACT, ORGINAL_TARGET_DATE, CURRENT_TARGET_DATE, DX_ADDRESS_1, DX_ADDRESS_2, DX_ADDRESS_3, DX_ADDRESS_4, DX_POSTCODE, PAROLE_BOARD_CASEWORKER, PRISON_CASEWORKER, MILESTONES_CREATED, RECORD_LAST_SAVED_BY, RECORD_LAST_SAVED_DATE, SOLICITOR_ADDRESS_4, TEMP_DATE, TEMP_ACCEPT, COLOUR, ADJUSTED_SED, REFERRED_TO_PPA, DELETED_BY, DOSSIER_ESTABLISHMENT, SENTENCE, RE_REFERRAL, RE_REFERRAL_DATE, DOSSIER_CASEWORKER, ACTIVE_HEARING, ASSESSOR, FAILURE_IN_OPEN_CONDITION, SOLICITOR_ATTENDEE, PROBATION_CONTACT_ATTENDEE, OFFENDER_SUPERVISOR_ATTENDEE, SOLICITOR_ID, VISIBLE_ON_WAM, CURRENT_WAM_REVIEW, MAND_DOCS_RECEIVED, MAND_DOC_PRE_SENTENCE_REP, MAND_DOC_PREV_CONV, MAND_DOC_JUD_SENT_REMARKS, ADDITIONAL_APPLICATIONS_RECEIVED, NO_OF_APPLICATIONS, LOCK_PB_CASEWORKER) VALUES
(1, 1, '2010-06-21 00:40:51.140', 727, 1, '1981-06-24 06:29:47.110', '2016-06-24 00:26:05.780', 818, 818, 818, 'linguens parte', 0, 1, 'P7JUDHJEVQHTO2HTBXKK', 727, 'ALYR4DKNL717QHQNKZCU36RUF6DSS6BNDQ9R71TQWLGQGBI62PL7QNJ4U4BXZRUFVDUZ7YGI6MXIP0E4O7Q2L3XP6', 'LA670U2RYYTW86C260QZCC3Y3102LJL2E3BLV7DH65K9CNJA7T1YXUT9784YTZ6FDRI5VR6ZM8S6RTLFIPVRIN4J92EN3FO7Z5WK5DFGM2BP2NHDMOF34EWPNYWTCJV6KL6LW1A5AF4FBFHMK10E0K3L86X6GM33645HGWGLEATP9HE8HA8BIG6ZHLCP33OOB197905NKF0QRDCRSPP6', 'V0ENVAKWCOLKRVZHT144LIG1QWMCEXUGEFCFKDY9GQPS7ZJDCXHO513DJCXYN7HFU55CIJXF3UNUTN', 1824, '2002-07-06 17:38:08.370', 818, 1683341932, 1, 0, '1976-07-11 11:19:41.680', '2011-07-12 05:16:00.340', 0x00000000000007D1, 1, '1982-07-15 11:04:56.320', '2017-07-15 05:01:14.990', '1985-07-16 22:57:33.640', 17438240, 0, 257, 818, '1959-07-22 16:39:06.950', 0, '1962-07-24 04:31:44.270', 1428286032, -402702207, 0, 1, 0, 1, 0, 1, 0, 1, 1824, 1824, 'K2FJP2', 'URN0LIM3VQ5YGO7SWYAMX9BDL5PQSGT49ATLQ79DW6JQ5K2PTWTD2U', '2018-08-05 09:36:24.200', '1986-08-07 03:32:42.850', '1954-08-08 21:29:01.510', 0, -147646307, 1269546123, 'WN56PN4YGWMR3KKQ85ZKNFS2351OF1NYFQ4DIE8QU6CFB', '623 Fabien Freeway', '245 East Cowley Street', '77 Oak Blvd.', 'DH5 1FL', '312-865-5260', '6843172827', 'zoqiv.vbbcot@rois.ipftpd.com', '99USP85YESU996K36D3MMSKU81ZVV0R6NJH0', 'JY28KON2S', 'UNAOF45759FMAKTXFFVW3491JR8FHQAYO', '2010-08-21 02:33:41.430', '1978-08-22 20:30:00.090', '97 Green Nobel Road', '401 Milton Street', '933 Second Freeway', '56 Rocky Clarendon Boulevard', 'ZE57 8HR', 1824, 1824, 0, -181538380, '1993-08-31 07:53:06.700', '26 North New Blvd.', '1996-09-01 19:45:44.030', 374170359, 'JUPWFA661', '1967-09-06 01:34:40.010', 0, -566802344, 818, 255, 0, '1976-09-10 13:12:31.980', 1824, 0, 1977650133, -952066308, 818, 818, -22798471, 818, 1, 0, 727, 0, 1, 0, 1, -1529962254, 1),
(2, 2, '1985-02-12 01:11:45.410', 818, 2, '1977-02-03 21:51:11.380', '1996-10-01 20:44:20.040', 559, 559, 559, 'volcans funem.', 1, 1, 'T2N5G586FSUB163UPO7', 818, 'X2QVQ5Q1U2HIZ49214P1FUQ69S1RUSG4T21DSAVSRN5BN57LTI2S05P2CJMX4Z72MCPW2V9R8X9ROEI3KFXBQN4NCY08NYNSF2PAFBJX9AK2VXEX0ICO1WCY81K4V13A9HBMP8O9V01F31SEK275LZRJPQ2DRF287ASEMR7SU2S0UXV695JSTXOAPSWZ5AIGXT8T9ESSUEBJ6QPSVW4LVAE9LIO', 'RKPX5ZVJQIBL4D776YH5KQ3GG839LXDDIBKHJ941A4UXO4M04JMR81S0G8GWVMYT4Y2TTQOXTGUGW6SBM341BL4HIJ0AS85O51SQ2T7DVPYS6C4AG5ARHXIITKA9QD4KA6AUE19SVQ6LNCB5EQTNYE68J9XHIYNH', 'QD80GF6BDBZV7GZL989Y2T7US02KAE8KWI6LE70ZNTS0', 1565, '1984-04-27 06:15:12.590', 559, 1712331843, 1, 0, '2015-08-13 00:40:55.890', '1968-04-10 23:34:04.540', 0x00000000000007D3, 2, '1960-04-02 20:13:30.510', '1979-11-29 19:06:39.170', '1999-07-27 17:59:47.830', 1690599104, 1, 854, 559, '1963-11-13 12:25:31.120', 1, '2003-03-08 10:11:48.440', 1460637822, 814219454, 0, 0, 1, 0, 0, 1, 1, 0, 1565, 1565, 'ZIZD9XZKD9XWHO2ZAYA2GZ3JQ8YSR11OLMMF7A72LPRDNVN8H35LFZNZEGM0Z7TB88AV2NSZQ7GR7QVVLPBOWF9LZ', 'LF9EGTVBEX0O5UM1OPWPQPL712ZWWNF2ES85GSTJ1V4S5VX', '1963-01-26 17:28:58.300', '1982-09-23 16:22:06.960', '2002-05-21 15:15:15.620', 1, 562525433, -2063590715, '6E', '18 Cowley St.', '211 West Green Milton Boulevard', '63 East Old Freeway', 'CO9 8NE', '8328254104', '293-1483732', 'bqmtq12@cuecbm.org', 'RR', 'MYSV7ITEHRUYXYVWL5OD0KOW', 'KOB4WFMWGO4CCD2VHQJ98PD85OWPQEZGX205LB', '1962-04-10 22:32:25.480', '1981-12-06 21:25:34.140', '654 Old Freeway', '765 Rocky Second Avenue', '89 Green Old Way', '296 East Second Drive', 'BN48 5MF', 1565, 1565, 0, 727288498, '1977-07-10 10:17:00.720', '78 Cowley Way', '2016-11-02 08:03:18.040', -289098676, 'WMMSTNCU201TVMTI5UDNHE3T9X8UZ', '2008-10-25 04:42:44.020', 1, 1998392495, 559, 852, 1, '1992-10-08 22:01:35.960', 1565, 0, 1768431213, 1122012845, 559, 559, -1330241391, 559, 1, 0, 818, 1, 1, 0, 0, 1954927017, 0),
(3, 3, '1987-08-12 01:48:46.730', 769, 3, '1994-02-08 18:48:50.840', '1973-12-10 00:28:52.210', 2, 2, 2, 'si imaginator', 0, 0, 'G8OPMHZTHORB8ZV5VOWCB7FXMINWDZM9', 769, 'V8NJJC30P1XVCQXEM54Y33396XKNEY7QPZXMRSZTNO3T', 'DI01AVEVHWQRWVG94UZKGMWZ2A44S9X3O1AUB44UESGHGHNEG7E3NX4QM0ZZRA28YN2VKMY0P55O6EILNPNKVUFRWJ8A4524P7JTESUU9DD', 'OPY38DLJOQW5D8GCL1Y2FZO9E7279B917B3A3H10N07SAG1YKN2SUX4O1PP1BD9DHVX24594ZXFERWZX53NM9G6A6F9ERZO9RUAEIYUFDYSWHQX4PRV8', 8, '1979-10-05 02:09:10.040', 2, 992042322, 1, 1, '2012-12-01 06:29:16.910', '1992-10-01 12:09:18.270', 0x00000000000007D5, 3, '1999-04-01 05:09:22.390', '1979-01-30 10:49:23.760', '1958-11-30 16:29:25.130', -2097690167, 1, 125, 2, '1992-01-27 20:49:31.990', 1, '2018-09-26 08:09:34.740', 294663277, NULL, 1, 0, 1, 1, 0, 0, 1, 0, 8, 8, '0QN73EVG4EKS6TA5V7JVSOKRF9V5FSZOVGM1CJ', '7U4O55SWT2DDUY', '1984-03-21 21:09:55.310', '1964-01-21 02:49:56.680', '2010-11-19 08:29:58.050', 0, -566842478, -1536400721, 'PYGH9GHV22JM', '21 West Rocky Clarendon Boulevard', '647 Green New Road', '74 East White Fabien Blvd.', 'HX4 7OC', '995-592-2090', '2353545605', 'brndoxr38@k-tjnh.net', '2R8MD', 'UMYCNCCC590B9YQ00B2YL14C', 'G96NKW6EUCL9JFF0UA2Y8IX6', '1976-05-14 21:30:18.620', '1956-03-15 03:10:19.990', '715 North Rocky Old Freeway', '69 Rocky Nobel Boulevard', '90 Cowley Avenue', '645 West Cowley Street', 'TQ65 8HS', 8, 8, 0, -1391845597, '1955-07-11 11:50:33.710', '794 Cowley St.', '1982-03-09 23:10:36.460', 975111272, '22948SLX6', '1988-09-06 16:10:40.570', 1, 558376950, 2, 123, 1, '2001-09-04 02:10:48.800', 8, 0, -902833713, -1872391956, 2, 2, 486099388, 2, 1, 0, 769, 1, 0, 0, 1, -622188990, 0),
(4, 2, '1965-12-21 16:46:50.990', 559, 4, '2008-11-14 13:04:25.160', '1956-03-05 11:50:16.540', 443, 443, 443, 'estum. rarendum', 1, 1, '85LDYIZ5FPR1I21BYY0RU18TR24U3FI', 559, '995C0N', 'RGK7HEB2NID47AY0DOVK30YYUP6VVSBHGXZGZ0SQT0G7UFL3TTGLISERHLDS7G6U7VNABH1DV5Q2JR4F4212BPZNI8ZEN0IDUMZYSASCR3PC2C7QGYN5F4JHWZR2IMQV', 'M40ONVPVUCZ96MXMKF6879AOASGH5O04FI4PAQU35JJLTNA3ZI5CO0IDTCDVF7Q6CV', 1449, '2008-01-30 19:46:24.580', 443, -162922574, 1, 0, '2012-08-01 13:35:41.510', '1959-11-21 12:21:32.890', 0x00000000000007D7, 4, '2002-10-15 08:39:07.060', '2017-02-01 07:24:58.450', '1964-05-23 06:10:49.830', 1194932293, 0, 75, 443, '1968-11-23 00:00:06.770', 1, '1997-06-29 21:31:49.550', -1487842372, 1264221520, 1, 0, 0, 0, 1, 1, 0, 0, 1449, 1449, '1WQLHASJHDQK123UC6VRTIP1CFVXQ79TC2HZ123GNQESO8XMSMAUGRBI6O91FVSA3X8YL3S93E424XC3H954WEC', 'RIY9DMGLVVDOVKS2544P1IQW9ZBBEFFP2GDA7LK8Q99SSGWB0Z78P9D8R1', '2011-01-02 02:59:40.350', '1958-04-23 01:45:31.730', '1972-08-10 00:31:23.120', 0, 1627472951, -442183738, 'JE8NBCG77TX9PG3CQ5YNXP26G6A', '617 North Milton St.', '33 White Nobel Drive', '49 Green New Boulevard', 'PA2 5PN', '628-215-0661', '929687-2979', 'btkzdp.mcghwhyon@yubwjw.com', 'B6TMKA4VOGO0JN893', '2HEEI2AVCCVV1TEI', 'POEACX9683012SBY91C44F0I16VJCAXBZLV8S4IFC3BCFYS', '1986-02-12 05:59:13.930', '2000-06-01 04:45:05.320', '333 East White Old Boulevard', '741 Clarendon St.', '90 Green Oak Boulevard', '469 Green Oak Blvd.', 'SE7 6CI', 1449, 1449, 1, 135624747, '2009-06-03 16:23:39.200', '388 White Nobel Blvd.', '1971-01-10 13:55:21.960', 1836918824, 'ODSGOPY3', '2013-12-04 10:12:56.130', 1, 1390729254, 443, 73, 0, '1965-09-25 02:48:04.450', 1449, 1, -1683639333, 498350114, 443, 443, -1237449763, 443, 1, 0, 559, 0, 0, 1, 1, 1307265051, 0),
(5, 5, '2012-03-16 18:59:12.960', 207, 1, '1968-12-16 08:37:21.650', '1999-03-17 05:10:04.550', 274, 274, 274, 'estum. vobis', 0, 1, 'IY0TASX6X6VIOW3GLLE0MHI6XRMVE52Z7OIK17060UUN6Q5', 207, 'EPQR5EDMRFLQU65DTBMU6ABE0AAWNFAEBRCZ86HDEC272CZS3VB1ES93EBQU4GYB57F2U54NU8FT83BNBHTS38ZII8LWFM9YDQ2UXWYYQO75DFVA03JMN68W7WKLJ887ZHGH1GQEJU1F1U', 'D8XR6MT9OA7ZML618XPCDXQ2I2TJPT5DUQO49YABTVQTBH9DL19O0I8GIV94TAKV5U5VX1S9NDII7WR0SFXOKGCBH7MEP6HJB', 'OH7CTK32OPOUNHCIMJNFFZRWXCZOYSD9YTMMR6BRLXUN4HQ', 1280, '1990-06-14 08:15:22.220', 274, 825994705, 0, 1, '2007-09-12 14:58:56.710', '1970-12-13 11:31:39.610', 0x00000000000007D9, 5, '1994-09-12 01:09:48.300', '1957-12-12 21:42:31.200', '1988-03-12 18:15:14.100', 1335306968, 1, 196, 274, '2005-06-11 00:58:48.590', 1, '1998-12-10 18:04:14.390', -1047580461, 302553153, 1, 1, 0, 1, 0, 1, 0, 1, 1280, 1280, 'RYTCS11SX4ORZY0OT0R2N9E8C5K5QODOKO7MAFH2DC4Z', 'DA56GGNLE7IVJKWYS9Y4T30AE760S35J6L6XL2SB4UI4I4NOTBKYSW7AAUS89NTB1YOYEYDQHM0YKVR9JI6HJ6Q9EWNQ9J2G162K', '1983-09-08 14:14:57.860', '2013-12-07 10:47:40.760', '1977-03-09 07:20:23.650', 0, -1534845805, 1800525393, 'IFCO4ENX6NMUXKH5J', '494 East White Hague Street', '274 South Green Old Drive', '584 West New St.', 'SO57 6DH', '751-5629023', '584-923-6569', 'ulsoe@deki.fweqlt.org', '1OMPPK4EL7JUJXHKQT28FH1SV0BY84', 'ROVKC7XC08LXXTILOKVX', 'R0YGK2XAOV861QTX5O1GX365J', '1961-12-06 03:31:07.120', '1992-03-06 00:03:50.020', '11 Fabien Avenue', '45 Milton Way', '55 Milton Drive', '83 Clarendon Road', 'CM86 8CI', 1280, 1280, 1, 1203025454, '1959-09-04 13:30:59.000', '570 Green Second Street', '1953-03-05 06:36:24.790', -118260174, 'W5BTEJIJSIWFHUCXYJQD1X7NMY4M', '1976-12-02 20:14:33.490', 0, -1180978538, 274, 194, 0, '1957-06-02 23:30:50.880', 1280, 1, -893252028, 1158931616, 274, 274, -1955970392, 274, 1, 0, 207, 1, 0, 1, 0, 52119414, 0),
(6, 2, '2004-04-27 07:18:04.900', 4, 4, '1978-12-23 03:24:47.110', '1970-07-12 10:07:01.180', 468, 468, 468, 'quis quoque', 0, 0, NULL, 4, '2CBWB2MB7I6M1CCEIGZ5VZE9JD53S4SUDQI88BW5C68ZUTO16GJY1OA2Y2DYWJI2PB9BU366KTSPQEEPO4WCLUSOGGA5YX8TN69IKD629CD7VKBJON9SM6GUJKUET08NLZ1K4V5BXT29HKSV4QHANG6HPFZZIS984QMWIQESIYUS37DYRY93JXZ4SKUPV5S4KU4QXWDEBOSOLEEI117JJ6', 'OHCEFJ9Z1N0Q8L38BDCVBPHUDPFDKHVZ6', '2O3MOGDOQBEGLF4VCFWTUPRG7WTH53RFMML9PQLHFYWFRV66TYAPLWICXMFSMWIMJYTZTU6MTEDWTBPCQNO6T2UQ38C2ATVJF9VS16CYSOV6IMIMX32Z7BTH43VKI3B0JTGKFWBJAQE46N8HPP47RVC4GEOYARFO', 1474, '1994-09-10 01:16:04.100', 468, 1358721590, 1, 1, '2019-06-12 10:47:14.460', '2010-12-30 17:29:28.530', 0x00000000000007DB, 6, '1985-08-26 13:36:10.740', '1977-03-15 20:18:24.800', '1968-10-03 03:00:38.870', 20024, 0, 932, 468, '1993-07-05 12:31:49.230', 1, '1976-08-12 01:56:17.370', -337419119, -1313260052, 0, 0, 0, 0, 1, 1, 1, 1, 1474, 1474, 'L4J8GAWNAWIKL0NHV19RZ6BRDEEJPOB4EYQ11X9EG1ARP2OEUKHAV8AESRU2WDYLLD5M9LGYSU', 'PAUXTH6V8PE2IORGBSV7FKHBMHXKKWDS7UU8CKPOKD568ORUAZQE7C04', '1983-11-18 06:29:48.430', '1975-06-07 13:12:02.500', '1966-12-25 19:54:16.570', 1, 898233403, 332866517, 'K0DICWKZJTB2742SOSH84AS662J4PC8XM7M9AZ', '68 West Second Blvd.', '423 Nobel Freeway', '85 Green Clarendon Blvd.', 'RM1 5ZM', '834126-8436', '442-0774617', 'fxqmatyx589@obxcg-.com', 'TOULO1LH8I5OWBUXQJ', 'N6', 'R13N', '1974-04-02 00:27:47.630', '1965-10-20 07:10:01.700', '66 New St.', '817 South New Freeway', '87 White Nobel Drive', '233 White Old Road', 'TS69 3HS', 1474, 1474, 1, 779696907, '2015-04-24 02:12:22.420', '422 Cowley Parkway', '1998-05-31 15:36:50.560', -665713013, '5JY4R3JR9VK', '1973-01-25 11:43:32.770', 1, 551729113, 468, 930, 0, '1989-05-17 03:56:57.190', 1474, 0, -889128208, 323761319, 468, 468, 775144308, 468, 1, 0, 4, 1, 0, 0, 0, -2129293278, 1),
(7, 4, '1990-09-15 11:00:21.910', 907, 2, '2013-10-06 07:13:05.400', '1976-10-14 05:57:19.890', 470, 470, 470, 'non venit. non', 0, 1, 'ZO8I1HF1', 907, '7QI3YWPXD6Q892N0VLVRU5AJE6BOTX8LD4XZFTEHMREIV54GE1CYNEU1FZOSK03FX4U44NK17D5', '89ODZEFKFPBRY0AGU47FKYZH0P3VFKR0JWDTKYEYFQ9SJMRF33MRRQR9A6DAAK4VXA71NGWWP90TP6YDYORCX09S53JDK4NVMEV8FPRM6Q1IQYK380BLSRXX1EWJXICLL46ABPX9W457YQ16JF5JS12UHX71S8POEFWLRARI21', 'VMO5Y61SIOHXOAGUEVSZ48OHC317C8IBPSA1KBQJ2F86V6R383WWMP7NY6TU5UFA557VZFA249WP0HM5BXZ9BMO0LN2DHWE8ZY0PZW3STTSCTIMHKOI8U5YJH7ACCXL8VNP1GW6FT6GITB720KSSD6DTZH8RLRGW8KH5SK1O', 1476, '1965-01-16 13:32:28.330', 470, 704721120, 0, 0, '1981-02-21 07:13:40.800', '2011-02-28 05:57:55.300', 0x00000000000007DD, 7, '1967-03-23 02:10:38.780', '1997-03-29 00:54:53.280', '1960-04-05 23:39:07.770', 435234661, 1, 961, 470, '1976-05-11 17:20:20.250', 0, '1969-05-26 14:48:49.240', 31845775, 1919535877, 0, 1, 1, NULL, 1, 0, 1, 0, 1476, 1476, 'XWK1BPZP47186OC9926I33P6BX2584IH0YCI8QJDWOTEJ5YXXB6VLC6U7DQDMUGZOJ88CT1I', 'IBCKLBCBLUOUJ4R26N1E', '2017-09-10 19:52:26.670', '1980-09-18 18:36:41.160', '2010-09-25 17:20:55.660', 1, 835260337, -164066600, 'F44VTL4GHR5VONB3977C9DFA6LDFZISIPQ13ZFYK2M1CJHJ', '224 Second Street', '259 Old Freeway', '70 White Clarendon Street', 'SP83 3HE', '821-694-0012', '385-7166955', 'nnzogqt@evysiz.org', 'XF', 'FWLV5YINFZ9FG3', '3DDRCBHRXNKJWWBDM9D7QWBKNTTXNBW60S4TOYHMOX4TDJ', '1992-01-12 22:24:33.080', NULL, '736 White Old Blvd.', '74 Rocky Oak Freeway', '13 North Rocky Old Drive', '44 Hague Way', 'L1 7VY', 1476, 1476, 0, -430189849, '1987-04-02 08:31:12.530', '75 Rocky Oak Street', '1980-04-16 05:59:41.520', -2040382183, '8SEAA7IF', '2003-05-08 02:12:25.010', 1, -1503090870, 470, 959, 0, '1982-06-20 18:37:51.970', 1476, 0, -1099701984, -428508244, 470, 470, -562410671, 470, 1, 0, 907, 0, 1, 0, 1, -964117952, 1),
(8, 7, '1955-05-03 06:39:16.650', 443, 3, '1989-03-03 22:18:10.370', '1955-10-15 03:31:08.280', 31, 31, 31, 'novum Id e Sed', 0, 1, 'UWI61RR4VBZEIEEK80SMU07MRWQXJ', 443, 'QSN81VASLAYYAVKG4LWLNZLRB0BQGAR99RBNBGRPQBUN6VU933XLGJFQ7WX0KJBAJOPIKW5OU7VC5XLG62NDD5SQBKGFIR47ZJ4H6BO6Y9Q8N2L9BHUIVYXDVY6ZGP533ODMT39UDHE3EJ29Z741WMB0LQM74PP83N5ZPZF77Z5DJTYBVXZ9L36GCD03G1PNR6ZRE3J0RWUXHYGRSAC7QGN0HOMCYCR5AHLDU7XR', 'NLQZACP0HCSTK1CSEIWHOFHSITGF8NNHRCF8QYWO278BMMCKFHDZ6K184XGHWARUPB17M31FL8E', '3EOPGP507BR4SUPAV2YOEU1QK99U1AFJ4AARP4IR2RDGORFPSVWI2Z38CX56GBYXV80HKXLRJ7LNGL2SUK16EXG471ERYCBRSGKFQX4UA4ZVEGRRVCCV9SJYRWAIJT', 1037, '1990-10-01 23:19:41.070', 31, 1466726005, 1, 0, '1957-10-26 01:24:30.590', '1991-06-06 06:37:28.500', 0x00000000000007DF, 8, '1958-04-08 22:16:22.220', '1991-11-18 03:29:20.130', '1958-06-30 08:42:18.030', 1466121826, 1, 727, 31, '1992-07-22 10:47:07.570', 1, '1992-10-12 21:13:03.380', -1250950539, 1508135682, 1, 0, 1, 0, 1, 0, 1, 0, 1037, 1037, 'TLF9AM6Y47WXNWNRHBU05Q27TQZWQL3AOCSRRKWRJEIMJ11', '3YP29K6ZLVTPFT8C4Z2TVMT30RVZB0PZQHFCMHBQ5C0ZU43AIP2NZLFG5M2IP7NK6UZXEV', '1960-12-23 03:27:31.980', '1994-08-03 08:40:29.890', '1961-03-15 13:53:27.790', 0, 390869555, 1894047690, 'B3D22MS1OUO87OGZZN5YL74T8NANB3QO144W5', '74 White Hague Boulevard', '17 Cowley St.', '13 East Oak Boulevard', 'SO3 1ZH', '181-718-5997', '1177678058', 'ccwl06@qwbunb.net', 'UYJNUUO866HKP5PBSJ4CTQ9S4G03LFA67MTV217QS', '9H1HTOYFJC9D9', '98J4RPGC62T4IIJ3LRDJ3RIPOSRJSRI63JJO', '1996-05-23 20:07:56.390', '1955-01-20 21:08:47.570', '280 Cowley Drive', '402 Second Drive', '575 South Oak Street', '74 Milton Way', 'PO6 8VU', 1037, 1037, 1, 604228308, '1964-02-20 05:30:33.360', '28 New Freeway', '1964-05-12 15:56:29.170', -174489910, 'P58P1ZYN6FEWWM', '1998-03-14 07:35:22.900', 1, -1892235156, 31, 725, 1, '1998-11-16 14:53:10.340', 1037, 1, 1677063863, 1032758351, 31, 31, 1247325462, 31, 1, 0, 443, 0, 1, 0, 1, 1891026795, 1),
(9, 9, '1955-04-13 09:10:51.600', 978, 2, '1980-02-23 10:12:44.850', '1988-06-07 18:33:22.600', 996, 996, 996, 'et Tam estum.', 1, 1, 'Q9', 978, 'ZHO99ZEW8A5PIXBIZAPH71F5ONZC2XLDKTQYYQ8P7FP1LGRK9UUW8A6X2JLLZ2TBPS4P6DK92Z9RCDK7VF272O59MTVF4MQ5LECSB2DWALU81ELPYDQJZL80MV2CH54F936X1RWT15XHTW8886GRV65Z6B6G', '766WGV0R9NB7B64TIFRSGEMBK5XBFYEX5K1XRK00A0K1ZUWFY8X6GM0TKVBBYOBB9D1Q572XFRIGTKBQ8HC607HJK8DV9O2LO8RMT59R6ZRP4KZZKK3GB4B1WI6XT6OQPWRLTOX27K', '7VUU01M2WF6W9YLQQ9NVM0FH0WLNUNLBGCSZKLQP8AFG3WA065J8', 2002, '1962-03-12 07:01:33.330', 996, 368081159, 0, 0, '2003-08-21 00:44:42.080', '2011-12-04 09:05:19.830', 0x00000000000007E1, 9, '1969-10-17 10:07:13.080', '1978-01-30 18:27:50.830', '1986-05-16 02:48:28.580', 805288861, 0, 915, 996, '1960-10-25 20:31:37.320', 1, '1977-05-24 13:12:52.820', 681837523, -606645027, 0, 0, 0, 0, 1, 1, 1, 0, 2002, 2002, 'KGUI7ID2I7GKM97I3M9A3W0WF2GR7FOSPC', 'MNBNJMT8VNKGLY1Z41Z70FT1YOF', '1967-09-24 18:22:19.050', '1976-01-08 02:42:56.800', '1984-04-22 11:03:34.550', 0, -1898308119, 653538698, 'F2X0F5QQCD52DW', '64 Rocky Clarendon Way', '911 Clarendon Drive', '945 East Green First Road', 'MK6 9VK', '135-6978806', '216-896-3873', 'fshgqtig.qjod@hhrbybdzf.drojgv.net', 'BZ7CLO7EQFT3D4PRIDULNRVAD3BU9RBDKSE9KSVCV6OVD39P5A', 'KN3I54FM161QXHXJ35KTLGW6', '65GKGYQVTZ34UJ1Z06IPTGZYXJEKM0YZUYFMXYNTRUUS', '1974-08-23 16:13:00.790', '1963-01-04 01:20:54.290', '43 Rocky Cowley Blvd.', '26 Milton Parkway', '81 North Oak Avenue', '786 Clarendon Blvd.', 'RM9 4CP', 2002, 2002, 1, 1185898913, '1998-10-27 11:59:56.030', '86 Rocky Fabien Avenue', '2015-05-26 04:41:11.530', 501788535, '', '1973-04-08 05:43:04.770', 1, -1965161807, 996, 913, 0, '1956-01-02 07:46:51.260', 2002, 0, -1841710469, 596941048, 996, 996, 1157600088, 996, 1, 0, 978, 0, 0, 0, 0, -692093564, 1),
(10, 5, '2007-03-17 14:49:20.790', 274, 1, NULL, '1972-01-13 23:24:03.360', 315, 315, 315, 'Id esset quad', 1, 1, '56AH0Y23JAE5GG9TXTGNEKUPWE', 274, '1F', '0GSF09DAOLL9JXPQAZCXZB0Z7SE6WN08R4AL335OGW053M8N3XM2VM0PGS78V6E0LCIFM4M7UOH3AVWLKQ3Y1XD43K5BVXT9H0JQ4T0YBE875WFKWMO43GZNZEB2ZBBWV7MAB5GQP4NMO6Y75KF99O510WRPIYZZ3CBXA48Q5XFZTCYSF3WEW2N62K9FDR8Q4NJCU1W0BO4B868OXYAE1L31O5VPVTDEOOV5TLYE7V27XBXWCLHEGUOIJIOP6', 'Y66GCU4FZ79TVGW6L65JXNCK', 1321, '1958-03-21 09:16:51.730', 315, -327338392, 1, 0, '2014-09-30 02:00:14.960', '1972-06-15 10:08:55.600', 0x00000000000007E3, 10, '1979-07-29 10:34:57.530', '2004-04-11 18:43:38.180', '1961-12-27 02:52:18.810', -908670512, 0, 454, 315, '2018-07-07 19:35:42.040', 1, '2000-12-05 11:53:03.330', -1315602996, -1584551755, 0, 1, 0, 1, 1, 0, 1, 1, 1321, 1321, 'AQL35ZP8J4B4A6ZIWRQKOFX342LU3JNVAXXSIJ4BDNHS3Y6K8XR0YSNUSHY3DV5ZGGU', 'Z55WMZG0NXWUBD6V4Q1', '1969-07-11 14:03:12.980', '1994-03-25 22:11:53.630', '2018-12-08 06:20:34.280', 1, 214517162, -272650377, 'LN3ZJUFC5QL3Z73KKT9731LRY2IAWH9QUD', '959 White Second Boulevard', '86 Second Boulevard', '678 Second Street', 'CO9 1JE', '1139207470', '112-285-6054', 'ujswlcc.eaez@bmgkwb.org', 'TW6DJ4XYICD5Y3FJKPF7QIHQG', '1HH1IWK85VC6XAZBNFVF3QGH093TFX4RX', 'EY8G73D1ZAQ6INWJ', '1987-07-14 08:30:43.930', '1982-12-07 00:33:38.540', '69 Old Avenue', '765 East Rocky Milton Freeway', '439 Green Oak Parkway', '19 North Green Hague Street', 'EC77 5UG', 1321, 1321, 0, 1551581038, '1991-04-21 02:06:11.020', '52 White Fabien Road', '1973-09-18 18:23:32.300', -1784113889, 'A', '1980-10-31 18:49:34.240', 0, -2016646737, 315, 452, 1, '1995-01-26 19:41:38.100', 1321, 0, 276095571, 334228783, 315, 315, 508628419, 315, 0, 1, 274, 1, 1, 0, 1, 1031827327, 0),
(11, 6, '1995-07-14 03:26:50.190', 292, 4, '2014-04-29 15:15:22.720', '1991-12-23 07:51:54.260', 849, 849, 849, 'imaginator', 1, 1, '1UKXLQWD73371PJBPSGBGG3M59L2KCLLLT18YDTFJ21Q', 292, 'HFZX8NN7HWHTOQ7QMT3APCK2Y6QPLGU0QS0EWB0KJ89ZOBBF4FT5X5F4VXZ1WYM12G3VQSTATIRG2KDMUBL5MO3KCVJZCYNKM8X88FPBMICEEZ1AJC7LCGFDDIJV9TYUV6TUN5EFLAJ3CP6CU9GZR276TJVPWT1SKHJ767MEYRZ2XB1NB610DZ3SYN04AOJR8QIU6Z6MM10Z259HH7DPS1FLDQ8J', '5IBQNKA2UB0V66JV3D7YD9BYXUZCLAX980QJW7ODL9Q6EKNIZNFAH7TV6CSTKYGKDRN6FZZVPTD3J5KC6HDXVNR16UDJFUTNS6SNXG3ZOJLNTQC0SGM2KIOQZMZLLFGU0PADDXFPED9C147GHCRY8Q39H1NAHHE82RN4FZMV0WO69BPVFJ38OHL9M0VB948WZ199H30IPVXB1W0', 'E4MLGO3', 1855, '1963-09-02 16:13:22.490', 849, 1386871914, 1, 1, '2009-06-21 15:44:42.590', '1991-11-01 10:50:58.600', 0x00000000000007E5, 11, '2005-11-30 20:09:46.660', '1988-04-11 15:16:02.670', '1970-08-22 10:22:18.690', -2092761350, 0, 928, 849, '2016-06-10 09:53:38.790', 0, '1981-03-02 00:06:10.820', 1942638856, 1373736205, 0, 1, 1, 0, 0, 1, 1, 0, 1855, 1855, '97ZDNF60Y5Z5V1M6SNXI92Z1K1XIHHBN4UB1XEDJLMWNHS7C8Z7SJC267YSLHNIHTC', '5UUVFOP6TAPU609QHOUMI0C754VM9YW7MTN4A9', '1984-07-30 22:40:11.090', '1966-12-10 17:46:27.100', '2016-04-19 12:52:43.130', 0, -636259462, -921596770, 'G0WLV0PR9U1RI8SL83O8K1B0GB4G', '611 New Street', '207 Hague Way', '314 Second Way', 'OL71 2QP', '7976562169', '6585231455', 'hbtpqr7@ivglvo.net', '0W9TMOZ9HHDFU5MTCZH0PSYKPZQ3RBEFWH30OOQP5PLY54', '4MXLI9HHSMLD6ULIY01Q9B0Z19SRT8QL9R6CD1XLYL', '8T049V3F21IPXZM69IL53EXLXVNPGEBR9LL0SK524', '2019-09-18 11:26:43.400', '2012-03-27 16:39:24.580', '82 North Fabien Blvd.', '88 Rocky New Blvd.', '85 Clarendon Blvd.', '42 White Nobel Road', 'UB4 4IN', 1855, 1855, 0, 756566602, '1959-09-09 05:35:39.590', '53 White New Street', '1991-05-29 19:48:11.630', -1897915837, 'RT6PO5OS', '2005-06-28 05:06:59.690', 0, 891781419, 849, 926, 1, '1966-08-28 23:44:35.790', 1855, 1, 741658928, 1026996236, 849, 849, -1883008163, 849, 0, 0, 292, 1, 0, 0, 1, -156076641, 0),
(12, 7, '2012-10-11 16:28:16.840', 468, 1, '2009-08-12 12:45:38.240', '1954-01-06 00:23:19.690', 33, 33, 33, 'gravum non nomen', 0, 0, 'LFXV84WF', 468, 'I3987U6S7HCZEEBY4QTDIN2BTZ6BXHGQNF3YQQUB2OAQ0PEN3M9ZF5NU0YF8NVVP1LCYAD8DWHBUDCA3KJ7B7GAIS8XSBLO7TKPEDGDQEV2XUTHONBO3NJIKBU61GF1BT30TNVQ35HXBDDOYR840WKJA243JAC9YTR3QTO0RKKX6L66X5797B1E9KQRIS7TT7ZHM9X528CFBMCOV', 'CSVYE5JL5DHF4BLWOS772FDCIKITJ97QZOZG8AIUHO43LLEE91N9PS4XEJFTMQ1V5QFFB4ODACQDB9QW63JIMY16K22PUO8RN8YU6Y34D9ZC2QL4SINI6I97P8U82YJL4YQ3BVQ70F5DYP4UGXWB1QK4YQ5X4U1EQD830ITWSFHRDW8040S527KEEL4KQS35DRNLH0TY40JM8TQ2I4T4', 'EI6LJ7QM9926N7GDULZEPZBTMHXQHUII6GGXQK1YEWND9EB6O8QVPONF7CZ2A05ERJ06QIM9J10TBXK75Q284NTHT1QELZODR8MPE4G5MGBNNT49RRXJYWA4QIDPR8NKCM22BUT0AWMNB5UZWHMU25FUXHZWQQEDSQB', 1039, '1964-01-07 02:07:13.980', 33, -389212739, 0, 1, '1957-07-22 12:01:02.550', '2009-11-10 13:59:48.270', 0x00000000000007E7, 12, '1965-10-14 19:56:05.410', '2018-02-02 21:54:51.130', '2003-05-26 23:53:36.840', -1871084052, 1, 796, 33, '1996-12-09 09:47:25.410', 1, NULL, 116665227, 80492517, 0, 1, 1, 0, 0, 1, 1, 1, 1039, 1039, '1PL8EADWN6CJRUL9I9J4SR5UYLR1X3ET5R5MNQTI5FFZUE0RWD07A89AKRASICYJRJE0OZMRF0ZCC5ZJKZ5J37JXIV1WG1ZS', 'Y996D72NA4FDGWF44INQAS3XVEH7DC4G77WC8TYZ3GLITKFB7PJLM', '2015-03-04 19:26:22.560', '2000-06-24 21:25:08.270', '1985-10-15 23:23:53.980', 1, -207053217, 569988710, 'HU9MRNJO8E7D9CXXB', '147 Green Oak Parkway', '92 First Road', '527 Nobel Freeway', 'HS7 5TI', '811451-8399', '983684-3658', 'czyaxram.kwgqulurmm@ngoue.uakwxz.org', '9KW5I8F', 'UWN', '51UC1A3095BD2UWF6D7EZNQRFCELDPDI029VRKUCLG56GWIR4', '1966-05-30 05:05:19.700', '2002-01-28 06:32:59.420', '47 North White Nobel Blvd.', '93 White New St.', '760 North Hague Road', '92 Cowley Avenue', 'HS7 3FN', 1039, 1039, 1, 2112118681, '2005-10-17 02:51:42.560', '465 South Nobel Street', '1976-05-30 06:49:13.990', -1416377021, 'SDCRM63GEPFQ3L32G5TB5FCZHQM', '1999-05-02 12:45:31.130', 1, 720635355, 33, 794, 0, '1978-03-08 00:38:05.420', 1039, 1, 1113700180, -1476635679, 33, 33, -417958520, 33, 1, 0, 468, 0, 0, 1, 1, -1536894337, 0),
(13, 8, '1970-11-11 11:41:43.460', 633, 2, '1968-09-14 22:24:33.980', '1954-02-06 04:43:36.400', 527, 527, 527, 'quartu volcans', 1, 1, 'OKQYRB4UTVHHM7OADBY0REFDSKTN6B7P5I5GI0LHBP968C', 633, '5D222MSCU', 'WCISTPED85ZCCEM8MJ36T01OY6LU22LZZ3GF4SNBEKVUJ9WE4TVLQX9VAUUN3KB6K0C8X74TWRS9474OA6Q86081UK5AYZ7U8PAJXNGXP2PY50R2P5DXT30KSAED2TVWJX0FXLRNPSJ4A9WUT2KSMA05PPRM83VW6TF70B44EQ71JV9IEKJZ8299WUP7U5FMXNXGUPUHXGDW3ZMTG87NJVN3J5A5MXA9BL3WYSOOQ21RO', 'R1XXXW819NSKOESALTI7674TVX9JI8UKUS7VJPX5WELAPE8CX4RZ83UKW410MOJ1T7QV6XQWWCBSLU4HPXLDGUCQYNYFNXJ7UKHHOD50DV3VS1Y20KAP25KYVZWJZB8YT3Y1DMSCRLZLRHYXOVE3MU4O0IMPGL12M42O3WPDRYXH6Y6D0ZV3W5CZZ91U03V5JXZNF9TR61BNWMI1B8OHQY5HR2PUVUDO2RY8YJYQ53WVTO2CQZIREEF', 1533, '2016-11-12 06:04:43.470', 527, -938823542, 1, 0, '1979-03-01 21:22:04.650', '1958-03-23 19:37:32.880', 0x00000000000007E9, 13, '1962-05-27 14:23:57.590', '2008-06-16 12:39:25.830', '1987-07-09 10:54:54.060', -895996565, 0, 775, 527, '2016-10-24 02:12:15.250', 0, '1967-07-23 13:44:56.840', -221772587, 479600723, 1, 1, 0, 0, 1, 0, 0, 1, 1533, 1533, 'V8A002WR8SA8WXFRQ8I6EGK0HITXQBE06VHXOJKX8SUE9OLXM4QS', '656CBZQUAX0Z6802VBKONU7L3BY6ZOTIUO1Q5WIY885NHU', '1995-10-27 20:35:15.250', '1974-11-18 18:50:43.480', '1953-12-10 17:06:11.720', 0, 1862670943, 2073136610, '', '99 South Green First Blvd.', '50 Fabien Street', '54 East Oak Blvd.', 'E6 4RU', '217-9136440', '742-7098821', 'jbwypf3@rawqdb.com', '8YP4MXWH62YID1L4N9SV060FK4GIU5W6', '97WY4P6WSMYK9HPOKVZ3EN94W3FROD63D5JKW9MV2VDQF', 'DRUQ1HA2XOWIMKRSC0K0NMJUTJIKBJUN', '1974-10-30 14:58:15.260', '2018-09-18 07:04:05.420', '26 Green Old Avenue', '524 White Fabien St.', '636 Milton St.', '434 West Fabien St.', 'EX15 1HZ', 1533, 1533, 0, 260930343, '2012-06-23 19:48:25.860', '97 Second Drive', '1970-08-07 16:19:22.320', -1102793014, '0H309V5AUNSPT6K8UZO', '1974-10-11 11:05:47.030', 1, -1944655682, 527, 773, 0, '1983-02-18 00:38:36.450', 1533, 1, -1270431704, 1480897368, 527, 527, -2112294372, 527, 0, 1, 633, 0, 1, 1, 0, 1859001725, 1),
(14, 9, '2017-08-04 17:15:25.580', 470, 3, '1975-01-15 06:28:08.160', '1956-01-10 07:18:54.810', 688, 688, 688, 'imaginator', 0, 1, '7', 470, '2XIZDR4ZMOJO727ZYM2N71VJMTRR4CP9ES25PD1KID17EH50V3O697X12YDJZCUAY99FZ29LKI4U0O45OQV1NJ07U12Q0IK5IQ857P0TT3MR230ET7U9HTNF92LYZIK1XZB9FZXZQ27KX85R0OXSNBOP3SV542UBIKU2RQYUAVJEL3I0XUXALSELBM6M4SUO8W1CE2Z9Q2IRSA30AU7A4JP', '6X8VRLXR21ZTXOEOV064LHVPVNKJWHUVF6ZDXQ5OBJI2X4VZ9271LKSO1I041DVL73EQP1Q4VHS1ZTRQRK9T9T9UDACEQ1NYNXVTQ498C264RQP7R9CG41BETJDEPBEUTUD2XX0MB1G7M52NL4NGO7TMLH06RVI1', 'RIVCKZWBNNK5OA2S9YBN1AN30D3VCMAOCCHGOM657L763WNGWQHF2RJGUSB7V0Z1CWTBSM3NS5GG3HZ3PNYM4ULKT0MWBYA6M5T73BNAM', 1694, '2007-03-01 17:00:14.850', 688, -750323238, 1, 0, '1980-06-13 22:34:36.400', '2015-04-22 14:05:28.710', 0x00000000000007EB, 14, '1985-11-17 12:38:05.640', '1953-09-27 04:08:57.940', '1988-08-04 19:39:50.260', -2033766062, 0, 509, 688, '1961-11-18 01:14:11.810', 0, '1974-12-07 22:43:11.710', 2073182577, 432238251, 0, 1, 0, 1, 0, 1, 0, 1, 1694, 1694, 'M2FNAJH9Z1XD921GI26OLYLL5RSXVBLKLJKS19E02N9RX1ZMKH32J4', '7B4U71XWCYL9Z1JUM3H4I79WYSLFEOJ38XRVUTLHXRPSKMIXPDJJ0QVZ28VFF', '2018-06-13 00:59:01.090', '1986-04-22 16:29:53.390', '1954-03-02 08:00:45.700', 0, -947405828, -646253381, '3W0M54VEPV5JV94SZS4QL8W0PGVBPE34C2CQG73IW8US2UC', '123 Rocky Old Boulevard', '36 Hague St.', '643 West Second St.', 'UB66 4RI', '860-5291759', '7397798043', 'hlrlcmes.nyhpec@owxoxw.net', '3V2ZK3R98FV6MG7YSH8GKD1X9KI', 'N49WCYWJOLYR11AE8EFV64X5RB', '0BMNA0RKPN5G3TLENJI63PR70W', '2008-01-08 00:43:50.360', '1953-11-21 13:13:43.490', '198 West Old Freeway', '59 East Fabien St.', '24 White New Parkway', '776 Rocky Nobel Blvd.', 'TN2 2LH', 1694, 1694, 0, -463350488, '1989-06-13 03:23:25.770', '64 White Hague St.', '1992-02-29 10:25:10.390', -1406224347, '2M7ZUGYC0CAWKQGWMFG7FT8', '1962-09-26 08:57:47.320', 0, 201614556, 688, 507, 0, '1970-11-17 06:03:01.180', 1694, 0, -241031077, 2087362274, 688, 688, -1183904936, 688, 0, 0, 470, 0, 1, 0, 1, 621016557, 1),
(15, 9, '1978-09-12 00:42:54.170', 983, 4, '1988-03-01 15:48:02.500', '1965-04-16 06:37:27.310', 82, 82, 82, 'et quantare Tam', 0, 1, 'LVTYEB95C57IGNHNSB317SCPGP2485FLMELFE', 983, '68R4KBQH1U5O16MUUOJIAMS1I6C9KKJO7B65AUPEC0QX4EY48DFGZ6FJGQLEZHWGBHHQZH', 'BAXCM9T8P52K4ROHPSKNY5M0RGGXUVFIFJBU5AYUT7Y1R1HQBP12YDP5NWL6TWEUPJ5KFTBFUPUQ7K9QZQM5T', 'NWB2CDT8I71CXIB8ISZ7CTV9UYOSZD0OZA6O8QO9', 1088, '1971-12-19 07:49:45.030', 82, -973854965, 1, 1, '2005-06-14 21:12:56.470', '1985-05-09 04:41:34.750', 0x00000000000007ED, 15, '1992-01-18 03:07:29.610', '1971-12-12 10:36:07.900', '2018-11-03 18:04:46.190', -463032944, 1, 291, 82, '1985-05-02 07:27:57.620', 1, '1964-08-05 08:15:56.430', 320205891, 1772030130, 0, 0, 1, 1, 0, 1, 1, 0, 1088, 1088, 'NHTHJQKENFCSPI', 'HOEI12AOZSHZ7QIGCBANQ0402I1RSMY61FA0E2LFN0DQ10I5HLVJ', '1978-08-08 14:34:48.480', '1958-07-02 22:03:26.770', '2005-05-25 05:32:05.060', 1, 259719712, 852882604, '4JX468HUZZXO9KOAR07SXDBRPMUCE4YU4R66GYX3LHQHA', '28 Second Way', '202 South Cowley Street', '663 Old Parkway', 'DN99 2PY', '357-043-7868', '865-722-9938', 'mvyk@udrp.llmkzw.net', 'DM05R1A6J4361LSR48XN8K2NNQ', '41J9JPFFBIR186UGYL48LLNMZAKBJ6351PRH5', 'ZQQEU90L8551ZTFYYDEQPX6O', '1971-11-14 21:41:39.350', '1975-11-17 16:14:42.670', '930 Green Old St.', '714 Oak Blvd.', '661 Green New Way', '51 Green Clarendon Road', 'TW1 2HO', 1088, 1088, 0, 1017564346, '2018-09-30 07:56:40.500', '121 First Boulevard', '1978-07-18 22:53:57.070', -1242732270, 'D4IZV4', '1985-03-28 21:19:51.930', 1, 1467900188, 82, 289, 0, '1998-08-17 18:11:41.650', 1088, 0, -1325073141, -1918236033, 82, 82, 1550241059, 82, 0, 0, 983, 1, 0, 1, 1, 446256146, 0),
(16, 3, '1993-08-13 11:40:54.970', 31, 1, '1985-05-22 23:08:49.030', '1959-12-28 14:12:35.400', 454, 454, 454, 'Longam, et sed', 1, 0, 'Q7VB5UEZU2RJ', 31, 'ZY559WVW4780753O0VMPJ9AFV49MNX84RTFHU05NKTH6RGOB7SGUDS0QNQA5M896Z39EPMUZPZ4QR3NFFYFVGDRZSPT4Q01CKA7N7ALKXH4DNAYJ', 'K1T568OS1XS3C7VWAHDL88JZY3NV73A91BZ3RAM2Q1OWX481U2F4R75BIT63LTKYNJ208S5ZVBV6KM1UUL04N5IT6NKX4JGXHP9E17T1XF9GCZRVRC80TFAH08UK77VBUXPUDNSMRY77W1H7WO5RAG41FRDSD8T', '3G2498AWVTVAEIT128DO0847DCMBMZR3Q49DT4LQDW4K5DKSCN6IAK2UBVRWLY9V1RKA9G7XMMB43K1ZRUZYT9S62E1YDO5EM9JETAIWF8VO9XRRTR4QZA1RZD8UF9KYHWIU0N6HB2JKD4X5N94LKEFB7RFF2OH6NX6CEXQ6LMFXRGDUG3755ZD2G6M98QFNLDXGXKQQIXZXZIKQDKZZGB0OJ3W7AHYU7RBEJXWWC', 1460, '1967-12-12 22:25:31.850', 454, 847159282, 1, 0, '1976-02-29 01:35:07.400', '2018-01-01 02:13:02.520', 0x00000000000007EF, 16, '2009-07-13 04:06:47.850', '1984-05-17 04:44:42.960', '1959-03-22 05:22:38.060', -185256327, 1, 264, 454, '1967-06-08 08:32:13.620', 0, '2012-02-16 22:25:14.190', 1439911171, 913368783, 1, 0, 0, 1, 0, 1, 1, 0, 1460, 1460, 'E8O6LYOUN4R6CD7J1GPWB7RU9H8MBL8A4B2VDDIWZM6DSK70FWBB0LX6HUW4P2J2VH21BC6NXSXO', 'RQGJDFI1IVDTBYRFH2AQU0PMDZ1ZVA7RF29OTH0M2E550WQ2QPZIKTAR1U5EEJ57NLE8O3M02ONGVKLH8Z95BP6', '2008-10-04 19:16:50.510', '1983-08-09 19:54:45.620', '1958-06-13 20:32:40.720', 0, -677982579, 1470785739, '8CKJ12MJ7Q75FKE4GV12KIDHUS247F', '34 Second Road', '99 Green First Blvd.', '100 Clarendon Parkway', 'KA69 9FW', '910124-0293', '852-067-0529', 'cwuxj.csovqf@tljtniv.kdackk.org', 'QU4Q0', 'F2LLYVGD7OBNZJM3NJDWA854V4ELZIEDBM', '', '1983-02-03 06:01:27.390', '2018-10-07 05:10:17.640', '407 Nobel Avenue', '99 Cowley Road', '44 Green Cowley Drive', '97 Old Boulevard', 'LL54 2NS', 1460, 1460, 1, 1732586149, '1974-05-13 12:58:33.610', '965 Green Second St.', '1991-01-18 14:14:23.830', -608831510, 'H1DAD936TXS9HDV53QOLFIGS8E', '1982-07-30 16:08:09.160', 1, 1632560512, 454, 262, 0, '1965-08-20 19:55:39.820', 1460, 0, -739731715, 1532534875, 454, 454, 1763460717, 454, 0, 0, 31, 0, 1, 0, 0, -308754599, 0),
(17, 10, '1965-05-14 15:26:45.530', 863, 2, '1985-02-22 13:34:40.300', '2011-01-08 09:20:41.410', 989, 989, 989, 'quad funem. quad', 0, 1, '0V51SI3HP94X7QLV11181LW6WNIB', 863, 'UPNTEQLCAL0SQ8PYS6GW085DUXZ8DBIQ91WADJ5KLBXOKR68FFV3HN1MK9YGQDYY29JOCEK80VAPAGS2QQSXFF8MZ9Q3KOU8CYLA8IV1UM3MCCB4GVP0K0IN1XP3NGOB12CCUHU8UR3TBM9MXMNPYUOBGY9BTSDEYRK90Z9Y1H5SXPBEN251TZD7E0VW8JF2DOUK2ZMYCONHOVDQMUNQNCKZECVZ3DQI12F9URCOF7O5BVI', 'KXLEAWI4JL9U82KYRNOI131ETNFLAZ9I5HNZF2W0617O7ATC7E1QKAOGV7LMGWUKCQPQFLI', 'N8ZG2YMVWNRG79C8WUOIF1Y5Q8656FO2MYOSP30XKFKB3RK21B028T2L9UQUSGOGZPT8KKJTTQX0GN1YO43VFLTTW3IUD653Q4CEXBHHR79IV14MSR6NDS1DV0CH1OFNLU', 1995, '1975-02-26 19:30:58.000', 989, 152716916, 0, 1, '1981-12-22 17:53:22.850', '2010-02-19 22:21:51.820', 0x00000000000007F1, 17, '1960-08-19 11:47:18.720', '1988-10-17 16:15:47.690', '2016-12-15 20:44:16.660', 198328748, 0, 525, 989, '1956-10-12 19:06:41.500', 1, '1984-02-13 09:48:03.840', 1948243948, -85230690, 1, 0, 0, 1, 0, 1, 0, 1, 1995, 1995, 'E2P986FAXAIDVDJGE6W33HAH6P2QND7O852R7UHV4RY7KOFYN6JM0LXWR73J4OMJ2U4QAR9KP1ZCI3XI933HUKNM760ZQYRF', 'SINZBL8J8XHFIHEN3ZFW6UWG8O5FAZWYFSG6FMO', '1966-07-27 23:10:53.970', '1994-09-25 03:39:22.940', '1955-11-25 08:07:51.900', 1, -312358331, -1175912973, 'UHADISU3V8LKFZAIDO', '93 West Nobel Blvd.', '682 White Clarendon Way', '87 Green Clarendon Avenue', 'HG89 5TY', '153-0704263', '655121-5182', 'aagj.mwhuwcpwy@bszpcf.org', '9WLEQFK61FNE2EZK9T0MU', '2MZMS5L2VZW7KIY184807XHPUGVEO9YBCEKGNWLQP5', 'GDAJENEHSUY9B728C8HIICNRTUL6T1K2EI', '1976-05-11 03:15:06.440', '1957-12-08 06:39:22.500', '353 Nobel Parkway', '27 Green Fabien St.', '359 Old Road', '605 New Parkway', 'Y4 7CT', 1995, 1995, 1, -846762274, '2018-02-28 04:28:25.100', '264 Milton Drive', '2007-06-28 13:25:23.030', 6013545, 'LQXZHW7SU6F2MJ8NA', '1957-12-26 02:50:49.930', 1, 1312748466, 989, 523, 1, '1992-12-19 05:41:43.750', 1995, 0, 915180019, 1778734661, 989, 989, 74431293, 989, 1, 0, 863, 0, 1, 1, 0, 1403972130, 0),
(18, 9, '1987-04-07 02:16:33.060', 996, 3, '1982-11-10 04:52:12.440', '2019-06-03 15:05:42.070', 763, 763, 763, 'quo quo Versus', 1, 0, 'U0DOPEQGCTWB91YQEX3S3S0PAEF', 996, 'N49DVOE14U6P4NUZX5GLG4WUHZBFNEOITCCY3CMCOD4ZLNKSCP75FW3I8FVWDYEP6NVRBVVLJ3X2ZW9UFI2X6I3X9TPOGQYPZFSXRSHHTMMCY0IC51GVWGI', 'QNC0WD7JU3EVYIXUT638HAK97NBGL2WLVBZXYOKI01RCIYLTSUX8HA8G32S81QYS6S0NJ0V5LK', 'CAN1CMM37CBXUYV2MZHQX3YIWYZG3RLW1SSC5PT0RPT0J3IJ5MTN33B9B44DN50FQEV15JWW6GZ89YZTGFAGYYTYGJ01KFDLOD947GELQWHM33ZD5BX7VJHSLXLLJVCQ3EKVOUM01OQ2H6UDKMV9I5Q4WHI9US2UKRJOJ3OAPW66TEBF281WZ27YOFY', 1769, '1956-06-11 14:45:26.350', 763, -1781935642, 0, 0, '1963-02-22 12:46:52.620', '2004-09-05 21:59:09.870', 0x00000000000007F3, 18, '1995-04-21 01:36:01.630', '1969-11-04 10:48:18.880', '2011-05-19 20:00:36.140', -690554894, 1, 560, 763, '2018-01-29 18:02:02.400', 0, '2013-02-08 04:03:39.440', 1644575285, 664314943, 1, 0, 1, 1, 0, 1, 0, 1, 1769, 1769, 'F4PJPNVWYXZMLDN9L90L5OH6HI4Q9TR9J73Z7YKF7KWNO0LSDP5OQT0RMJ16J5M55P2EAO2MPLEKSTHHXBDJO2', 'G37X36YRKL2C99FYL7RNGS990J0P077HAZG2MYD1PEUOXKO5CIK8V1', '1987-04-06 06:30:55.690', '1961-10-20 15:43:12.940', '2003-05-05 00:55:30.200', 1, -109586671, -859442055, '0VG7TQY2P80ICR3CO56WCMS5UZY', '61 East White Fabien Blvd.', '59 North First Drive', '797 North First St.', 'LL88 5YG', '761-066-1144', '830-2731819', 'ujtikfr.uqzqkp@ltmslo.org', 'SKCH15JCEE2LRO6CETDG75F9LBW5KBPEQ13128D', '4ZWU31H583LY44ASBA6DL1KU6XHDCJHB1OCQXM', 'NBPRINH0K0', '1956-06-10 18:59:48.990', '2004-07-09 07:43:35.410', '19 South Rocky Fabien Avenue', '79 Oak Blvd.', '47 Rocky Fabien Avenue', '871 White First Parkway', 'WF79 9GG', 1769, 1769, 0, 176391324, '2011-05-19 00:14:58.770', '50 Old Boulevard', '1960-06-17 18:39:33.270', 1028329213, 'JQEHYF86IPZ', '2018-01-28 22:16:25.040', 0, 1880267102, 763, 558, 1, '1999-04-27 05:30:08.550', 1769, 1, 686803849, 1436659233, 763, 763, 1538741738, 763, 1, 0, 996, 1, 0, 1, 0, -1844989256, 1),
(19, 6, '1995-10-02 02:21:42.310', 678, 4, '1977-11-19 05:53:24.820', '2003-01-02 17:56:51.830', 382, 382, 382, 'quo, rarendum e', 0, 0, 'Z', 678, 'KYIH574S482K3C3N0L3KVRY8BDJF93TJX4DS90BMIU7PXX9SYTUACYST0A6SOPI0FJNYZAD09H11J8AD3', 'FI7R82INQ5N3K2JTWVCHA3Z5PYYASZRNW3TYVAJ6J28NJOFKZ6ZA93XBI12A37VQD06H9LXLB5X7VCM0JDAL0HDT5HFU792C7HAIIXAE9DY46QG6F2RPWAQVNDCR53D12L0D24IM3WCNJ8MF19F5ICFWQEU4KI85ZW1LP24AJ5MZX3CERXQWO8JP53NN9E1KN6NM71PY5', 'BC68MWHPN6UGYKKMYKBH637MR5UHJK035HZDQYJXXLSWELYEILZ43G074JHH1Z625QBGL7V00EKLBA756GZXLV0OHR86H1VXEQROAITBQZ3PWFWUBBAL08G9PNYTYOJZIM6KJJVOMO7MSBR2UDU5RAX59HYMJ0C1F4698CASFMYB1UHEVWYLTD77P1B2L84MB66N4ITI22Q4CL', 1388, '1959-08-03 02:36:07.760', 382, -1580158132, 1, 1, '1968-08-27 04:05:04.660', '1970-06-20 13:58:52.040', 0x00000000000007F5, 19, '1975-11-28 19:40:14.180', '1977-09-21 05:34:01.560', '1979-07-15 15:27:48.940', 41471196, 1, 382, 382, '1988-08-08 16:56:45.840', 0, '1967-03-01 12:26:36.900', -1756119087, 246947022, 0, 0, 0, 0, 0, 0, 0, 0, 1388, 1388, 'Q7BCNXDW2YQHZX7IPNIY5FFZS2J97S2H26C7YBEPBPCM1B', 'NUYXJ69QDDK1ATDBMTPX1YLBFUVDIMZM8YS8O1TVGNGACIDBY7YE53YO8MHOBV8QEYTB05MLZTHDHBYWHJEBOKG404Z1J4KKFQV', '2019-06-08 17:11:11.300', '1954-04-03 03:04:58.670', '1956-01-25 12:58:46.050', 1, 1563462981, -1194845926, 'IJA', '817 West Old Blvd.', '28 Fabien Road', '41 White Clarendon Road', 'WD2 1MP', '740142-2047', '292334-5425', 'rirfix.ceut@odnzah.com', 'NP09BGNAEXF68D0N43VP9DR2OOUPK', 'D74P8QFGCD4', '16NGKX6HT3PJQK1', '1983-04-09 17:25:36.750', '1997-12-24 04:12:06.240', '61 Rocky Old Street', '128 New Road', '78 East First Blvd.', '51 White Cowley Blvd.', 'CV1 1NF', 1388, 1388, 0, 1675205235, '2003-03-22 06:17:17.930', '595 Rocky Nobel Boulevard', '2006-11-06 02:04:52.690', -200737006, 'K2YUHFVXADAL', '2012-04-15 07:46:14.830', 0, 873752418, 382, 380, 1, '1956-03-04 19:08:59.100', 1388, 0, 440916659, -72299604, 382, 382, 1113932074, 382, 1, 0, 678, 1, 1, 1, 1, -2091345849, 0),
(20, 4, '1973-10-10 00:05:34.350', 315, 1, '2001-03-11 08:03:04.450', '2010-07-17 14:49:34.430', 958, 958, 958, 'homo, linguens', 0, 1, '50R0U8R8IBVFO84XRJYFHPEIC1ZNEAYRH7OWK86PZ6', 315, 'HG9I6YBKSZTJXTB6AEAATOFT0UWR9RZTOY82RXCONEHE6QJ8QCYW2TWS0FIC2KA0Z0UZK8', 'LCQFYN2FCNSCHQDBFMFG1532CRFQ7P8RRKM6ZP4ZLT1DRBPW9VM2JO2G9N377C8NF0LW46CPHFV74QA01IHB3582H6XBMWS8LEYRQSS2JWL4SUBID36OVWJASIFX803KNMMQRJA8QES6J39MUEYJQ3DOUNY7DUTIT0G68LQTSYYG4CQO9T2T2KUJ9YW4K3VVK9DJM3E9O4QR5WKHXAYJR0G85XW9PM9P2', 'F0JRM1R71WYK70866HBZUNTAD2FIRN3V3WW11HILKZ4R5XMITWKN0L9R69DKL8GET3GA475OZQFVI24FGXOV2FUHN4VS3YZBJQX1GCDMQVOA6D944Y4OKLBD9ZNZBDK1R3CS42Y3K147RKA9VRN5UARXEJSHODBDAMI31GZ2Z04JH4MPOD4KPF7GCEELAHE6QQW4178FRL6T67G9X3TB9QOVF2QM2DSH', 1964, '2012-10-18 08:42:34.640', 958, -153374906, 1, 1, '2008-07-05 21:07:34.720', '1967-06-16 18:48:34.730', 0x00000000000007F7, 20, '1978-04-14 11:51:34.780', '2004-03-23 09:32:34.800', '1963-03-04 07:13:34.810', 1683497996, 0, 258, 958, '1958-11-19 19:38:34.900', 1, '1992-03-25 12:44:20.600', 2110339067, -1387502029, 1, 1, 0, 0, 0, 0, 1, 0, 1964, 1964, 'KPTOW64DBRCJLE4O9V9ETKZJD9TMG2TXGKZJE36BYS1GMRSB702', 'P1ATKCFBMK6XOL7RHW1THOBW5L2U9WYRFJ7F9KRC55IFX1DYXT3IP2W0PDNY', '1997-11-28 04:15:35.180', '1956-11-08 01:56:35.190', '1982-10-17 23:37:35.210', 0, -140096614, -507857288, 'FQFSD9GNJP4UVP8S', '81 East New St.', '62 Rocky Fabien Boulevard', '10 Nobel Way', 'S51 7TW', '951-319-4932', '9757498280', 'sdad.voiunus@ihwwan.org', 'A5FYTH46X4NLRMWJ5D0GWYCN5AXXKNLXP8M9QAKIIY6', 'FIRN3F1O5J3TPLAXGRJVPJT6HBC4QH50791S', 'NQAVUTFFWNHZU0C2Q4SFICGNWXOOXRY6GFUAA4U', '1969-12-08 12:52:35.460', '1985-01-31 03:19:24.130', '283 Cowley Street', '83 West Rocky Second Road', '768 Green Hague Way', '13 White New Street', 'PH37 2AQ', 1964, 1964, 0, 8657525, '1987-04-22 11:23:35.640', '468 Fabien Blvd.', '1972-03-11 06:45:35.670', 1479700221, 'YNN126V65ON13RIQBDHT9MC4S1SSC', '1983-01-07 23:48:35.720', 0, 803259270, 958, 256, 1, '2004-09-03 09:54:35.820', 1964, 1, 1230100341, -1597861018, 958, 958, 553659390, 958, 1, 0, 315, 1, 0, 1, 0, 1716021809, 1),
(21, 1, '1961-02-15 12:49:01.570', 817, 2, '1984-08-07 17:08:34.410', '1996-09-24 21:39:21.070', 716, 716, 716, 'egreddior regit,', 1, 1, 'RXO4SKDNW0JOFL8OS94T8D4YHK8DIC', 817, 'C1LNE60N9BO1WT3QV2F2CF0M24GF5VJNHXLUG5HMZR80DID7WAZX562X0ZKAQLHDR1JZ789PKT2K6Z8KQ9IVWMHBVOUHL7WDAU9CZEZO0ADC3HQ1Q0JG2LH5J73JES3DXPACQWKCAUVL958DXTRKN', 'WUY715FT5XT2ECDE6A4B3KS4DP64K1V1P20QIP8T4YUJF3IJWAGYLRYB1UUBYA842SDBBNVG2B64P9P97M89LWGX3OOOVWUTQPGMP688FZW9KTLR4K4B2YJ6CG7NZ7K5GDE0T2K0EZULZ6DA2WJBRJRR6AA9YK98EQS7ELY104W24X652XK2N9DXMNTJSA1UQM79D5VHXIBNMOM8346106K4CULRSF9P32CIQXSW2344Y', 'YSQ7HNG5PS48D94X4N6O3W021OZHMCESO88FQ2GGC5KXJM2SLOYQLTH1SO6SOZJCEBJ41P727QBYB2IEL7VXDN7VR7M1VNRDM8I72YRW', 1722, '1978-06-19 08:22:54.420', 716, -722054498, 0, 0, '1955-12-24 01:25:48.790', '1964-11-17 09:38:23.660', 0x00000000000007F9, 21, '1991-08-02 10:16:08.290', NULL, '2009-05-22 02:41:18.040', 28330209, 1, 482, 716, '1986-11-25 19:44:12.400', 0, '2010-10-07 15:00:34.940', 831213397, -330616097, 1, 1, 1, 1, 0, 0, NULL, 1, 1722, 1722, 'SWOZQ9AMCHX8XE30FK95OYG1', 'K2QMFI4DRIW5OOC6WY483XGSF1CN6PVWS1L3RTII8K5A7D0DKUTEJQ6MLX7D5H72MZDN38E', '2004-03-28 15:18:05.250', '2013-02-20 23:30:40.130', '1955-01-18 07:43:14.990', 1, -441503144, -2090117633, 'MMD6S4E2ADUS0J5YB3LCBZEOJCMHXA4Q5', '57 Hague Drive', '486 Green Fabien St.', '30 First Road', 'PH73 7TW', '925-027-3394', '311583-5909', 'fypei49@pndeff.org', '2NL465IHO49B', '19BVXLT4A0MGHZKU9KWPL5S2XYOD3LGKINFI8', 'R8KXF6MSRMSMSMPA9NZX4QH5OBIF61SM9JN9SJ', '1954-08-01 10:51:58.090', '1995-11-17 10:33:35.480', '44 North Clarendon Road', '595 North Milton St.', '38 White Fabien Boulevard', '328 East Cowley Blvd.', 'TW5 2YU', 1722, 1722, 1, -1852414392, '1985-07-04 05:10:21.700', '713 New Blvd.', '2003-04-23 21:35:31.450', 2004421404, '6FSG0RK4FI3EEDATDOD6', '1963-01-07 22:13:16.070', 1, -8944775, 716, 480, 0, '2016-06-05 23:28:45.320', 1722, 0, -811827963, 312958802, 716, 716, 963834975, 716, 1, 1, 817, 0, 0, 0, 0, -768979850, 1),
(22, 10, '2013-12-25 14:08:18.900', 849, 1, '1987-10-31 13:26:46.200', '2012-09-25 03:28:53.530', 5, 5, 5, 'in homo, Tam', 1, 1, 'GBBMLOX720N2RXJ8ABKEFVC6ETQM8C04JR3C4', 849, 'BOD4TRAF976ZFD6EAUF767QVVEZPML1IQHELZM2T1UKNF9PU7JIW5G93YH8FSKTO6N9XZLFORM5BN2GMO4I224D98ANHEN1G1WHR0SUL4U5JAXGW1LRN1QM2AZPOYX93KOAQLOLV9WY8YUZAU', 'BX1LFO30TK12WJK3PI8LKKC4I6C9YX1F6MJNQ60LL29RGN18CYDMWC6QLW38BT1VILV', 'WIVIJPQ6R6G3LYQ4ODT266JYYC3JBCNFZGH4CD7HWU4GBA09S2EKXT9QZWK6M6UFI134HMSB5C5B13NNCUR8X3I57R5FS1UQZPY96VS6A2EKNYOV8WURFMHFIXXPGCI4HFBC5DHG2', 1010, '1958-06-05 04:50:46.050', 5, -50908612, 0, 1, '1973-08-12 03:31:29.330', '1990-01-18 12:51:37.990', 0x00000000000007FB, 22, '1972-05-12 16:52:03.960', '2000-06-26 18:28:43.160', '2005-03-27 11:32:21.270', 1600247164, 1, 451, 5, '1953-06-05 10:13:04.550', 1, '2004-09-14 12:09:22.150', 1611042329, 332344239, 1, 1, 0, 0, 1, 1, 0, 0, 1010, 1010, 'JXMHIEF025JWZT5TKYHUTI8ORVNRW2UGMG6BN5U2I8V8J4F', 'GLZIS5L10Z2CWGD1UYHUL4CRD2N7ZDABFQYYQOUGB5C6EV66MBS4RJHC885PHE2NOQW5IFB641JFR6CIWHKOL5KV8LPH', '1964-11-12 00:55:31.700', '1981-04-20 10:15:40.360', '1997-09-26 19:35:49.020', 0, 104884434, -1333560116, 'VXWHMM1P2WMUI6ZWJMNG', '35 Cowley Freeway', '694 North Oak Parkway', '109 Rocky Second Boulevard', 'SM95 3SL', '929591-6556', '8574217072', 'vagtdr614@mivecinj.govwhl.org', 'SSIK6L9JPV', '', 'PBVWAZCEUPJ0M5W40RF94N6MQU6C8ZGIQFAM8U6', '1976-04-20 15:37:58.860', '1963-06-26 19:04:32.970', '523 Green Old Avenue', '205 Rocky New Boulevard', '30 White New Road', '749 Green Cowley Blvd.', 'KY2 2MM', 1010, 1010, 0, -447137643, '1956-02-12 22:19:34.070', '327 New Road', '1988-12-27 16:59:51.390', 1066873062, '', '1971-04-21 21:00:17.360', 0, 1686608484, 5, 449, 1, '2002-12-05 05:01:09.300', 1010, 0, 1697403649, -778595684, 5, 5, 169655424, 5, 0, 1, 849, 0, 0, 1, 1, 490318300, 0),
(23, 9, '2017-12-30 11:24:21.590', 992, 1, '1996-04-18 18:08:44.870', NULL, 795, 795, 795, 'nomen delerium.', 1, 0, 'N', 992, 'FSWDEAAFH125N6K1YMNPAD0VD5SD3F0EU6HH7790G66KT39SNXVDN5G2S0Z9HWB', 'ZXDIIN0HAKOU53XZJEJUGS2T3R9S1D9USR9ELV48COG18828V1B411T6VJEQE7GXBT1ETJEOABIRC0LUO0WZ24SRX2J1HDT48JQE6OECNNTQI1TUYJ2EBGU60AGQZD6XHEITA7N0LJBEB28W9P3XBFSSOJDW8OCAGV84J0JQV1SR4FUY2KHA99M2LQ5', 'XVOXI8297W63AD8IR9X2PYJA28MCQVFDPTPLQKFPM65MXE4Y3MM7JZVZBEU9MQJBHSDHNMS6T8FJSXCO3O8487UQYQACQ52WNT441NAH', 1801, '2009-06-29 20:52:05.470', 795, 1958480489, 1, 0, '1999-02-10 15:10:50.140', '2010-06-08 04:26:35.080', 0x00000000000007FD, 23, '1977-05-28 20:13:49.880', '1988-10-19 02:12:12.610', '2000-01-19 22:45:19.750', -395885010, 1, 577, 795, '1989-09-01 17:04:04.420', 0, '1986-04-20 04:53:21.860', -1879048549, -692234364, 1, 0, 0, 0, 1, 1, 0, 0, 1801, 1801, '3C3ZY6Q1PYPMRN3ZB29INU6F3', '4YW3PINY0N7ZL0Q01L2WNS0UD2I61WWPUOZ2NC1NOJWTCOZ5T', '1981-03-02 02:31:48.300', '1992-06-27 15:47:33.230', '2003-10-24 05:03:18.170', 0, -784363599, 1916594236, 'N7PNFHW4084MFN81TGYBLWI2OUGI1RI2PJ8P7U754L2OH72IQ', '183 East Hague Freeway', '58 West New Drive', '87 Nobel Blvd.', 'WF40 9EH', '209052-6884', '043-423-0438', 'qpyzkuye1@hmmpce.com', '0MSUSIYXSLLIOTRF439LZBGY', 'XZ17BPO9HL6', 'BWOQN15GDEMID931496GT06V9097VAW6K9X7ZFYOOPY', '1972-08-30 11:59:32.180', '1992-09-27 00:58:07.520', '686 Hague Drive', '89 Old Road', '769 East Nobel Parkway', '221 White Old Parkway', 'LE4 3II', 1801, 1801, 0, NULL, '1963-03-22 13:52:46.450', '286 First Boulevard', '1985-11-12 16:24:16.320', -1289819821, '', '2019-11-01 08:11:31.130', 1, 1523775084, 795, 575, 0, '1953-10-11 15:46:00.730', 1801, 0, -859454979, -1991685619, 795, 795, 1093410242, 795, 0, 0, 992, 1, 1, 1, 0, 546067767, 0),
(24, 3, '1967-06-02 16:19:14.720', 33, 1, '1984-12-20 03:11:36.390', '1996-04-16 16:27:21.330', 458, 458, 458, 'et Id Versus', 1, 0, '', 33, '0OBGO2URCM847F2AW0Q6KMQOQFP67ZIKU4J5SS3L2410XBVCYPDH65HEXNQ8CNJC4NA2VWI3W43GLPRFKD8HM0EON5741U8FKOW91SH179K121S7VBOZF1Q38MFPOD22WNWXTHDSV6ACGDMMD09Q680IYS0FCRDU7I4E4VDDXV39RDNVZTCO4BVNNDY0HYF4SG4Y97HIMVTA5RQK55FIFOQVMGRRWDWYFZGB9PMSCU19ILIVNE', 'TRRX61YFT3C85C29M0N8PFTO620795ISVSX3AVK3HE4Y794X6DGK3W1EX3R40Q6O', 'GEAJB6E166YHE39YNIXCFGN5JWZS7NGDRASTJ6MJ', 1464, '1963-04-29 01:44:12.980', 458, 761595706, 1, 0, '2013-05-08 12:58:37.180', '1969-10-05 00:49:30.010', 0x00000000000007FF, 24, '1972-12-23 12:22:08.530', '1988-09-23 09:29:34.810', '2019-10-15 12:03:54.210', 1625342285, 0, 418, 458, '2002-10-26 23:18:18.400', 1, '2012-04-24 19:35:34.290', -297229611, 863795539, 1, 0, 1, 0, 0, 1, 1, 0, 1464, 1464, 'CLMZ4NGWOKYUHGQ5MPF8AU4WXGUW395OWJU5EQT16VZJ0GKTSH7HZU4HGQ1', '70MLVBX2PM0GW', '1998-09-22 08:43:16.660', '1955-02-18 20:34:09.490', '1978-07-16 08:25:02.330', 0, 563483262, -1294103017, 'P5O5FQP', '54 Green Cowley Boulevard', '27 East White Nobel St.', '90 Clarendon Parkway', 'TF1 3IB', '024208-9021', '8493530955', 'dypezsry60@vnganv.net', '1YBDW7CR24JDNO65CI669TRF5', 'O4', 'CX4GB8HY', '1994-08-18 18:08:14.910', '1983-12-27 01:15:17.110', '753 West Nobel Road', '10 First Freeway', '163 First Boulevard', '600 South Clarendon Parkway', 'CH91 7PN', 1464, 1464, 0, -1055864555, '1984-02-06 04:27:56.140', '277 Fabien Avenue', '1963-11-30 04:09:41.810', -962863746, 'SRCAJ', '1967-02-17 15:42:20.330', 0, -1737859107, 458, 416, 0, '1973-07-26 14:47:37.360', 1464, 0, 409746427, -1140366182, 458, 458, 1184741788, 458, 1, 0, 33, 1, 0, 1, 0, -1317868618, 1),
(25, 2, '1991-07-12 20:18:13.660', 700, 1, '1970-08-21 03:51:53.240', '1994-01-15 15:42:46.080', 222, 222, 222, 'quo, linguens', 1, 0, '21TKBD1', 700, 'BJWP4Q8BSFQL9YUU5BFBGJM6KNGD1XW4IILEJ', 'JDCEYZRGKQAAVGXX30WPYPYRJ664G2Q8GDNVSI8EP4I6R32NT7XQAZMUFLVSSNZI01TIS15LRIZT6SZG4IA950YHQTF6MGL2406P9JUR1B', 'AJZ4E8QU6D4C5E0Q5ZF6LUJPKQ4B', 1228, '1969-02-27 05:49:32.720', 222, -1669059301, 0, 0, '2001-12-27 05:48:10.100', '2008-07-21 10:35:53.570', 0x0000000000000801, 25, '1961-04-04 00:59:03.990', '1996-05-20 00:13:01.370', '1974-05-22 10:34:30.940', -1619532084, 0, 635, 222, '2007-03-21 10:33:08.320', 0, '1982-08-19 23:00:04.080', -940617938, 1027849360, 1, 1, 1, 0, 0, 0, 0, 0, 1228, 1228, 'SJSEE9YYLLQVVE2FVKVHV14L1OP1FDOOP', 'QI5W0NDPJE73V6HP2CD6PW38TO5LMFN7MS2UI256IHH7DRFQK0KN3QDUEW3CIS24R0G24M6Z76N7EVV18E0LU03WF7', '1984-11-05 20:04:27.380', '1991-06-01 00:52:10.850', '1997-12-24 05:39:54.330', 0, -421972218, 631767858, 'YL0E39P1XVFIUY9T60', '432 Nobel St.', '47 West Green Fabien Parkway', '71 South Clarendon Street', 'CW91 2DF', '4612314060', '411-0565248', 'vjkaz21@cmriv.agfdcl.net', 'FGAJO6TCRJNJWE9RMO82GE2GNS9S877W7RSVGIFDKBXN', 'NWG8XZXG1OJ2XTK1L9TZPKXGD9P6SXNSFE0I201SZJ0JRM', 'QCAQTHMSYL2IGY4B', '1962-06-24 05:35:46.440', '2018-01-13 05:59:07.760', '30 White Oak Avenue', '98 South Rocky Clarendon Way', '382 Clarendon Blvd.', '877 Fabien Road', 'NP39 9OM', 1228, 1228, 1, -187868385, '1967-09-16 10:20:44.660', '315 South Nobel Freeway', '1980-11-02 19:56:11.610', 1791487282, '1E2TTI78NQQ66YYPU7ZTYN', '2000-07-15 10:19:22.040', 0, 483186207, 222, 633, 1, '1972-12-08 15:05:42.880', 1228, 0, 1951755708, -14067707, 222, 222, -643454636, 222, 1, 0, 700, 1, 0, 0, 0, -384131776, 0),
(26, 5, '1958-06-11 05:49:03.870', 527, 2, '2011-03-24 10:41:24.090', '2017-10-16 15:29:07.560', 719, 719, 719, 'parte quoque', 0, 0, 'BX', 527, 'BL0DTDM8SANQCK72ESXQ4G9VAUJL3QDGBWZUB3P9JCU5PAKBWF4SHS5UC43ZT052X7EGKDRA3O6SM36Z97PNLKZJQ4I6ZQFJ7S8HW4RJOTPSLD88Y3PLBHGC8VQGVKBD8NKTUO35G6YRV6XDV98W0U8PBV90DAN4ICKYSED90K44IPH2XCKLBFCDFV', 'SZSNNMFO9CQCZ', 'FGWEG5WO05N9Y19B1LVR3D67DAGZ9KO4FERW8YP9315URXNTAEJ48JD1AP05PWEFGJUJ9C22WMO18BFFNMPV1JVV0PMJXKJ6NPD733JXBG8LUCSZ9LH27IEXOYJJQJ5B2HDJX8CK3', 1725, '1954-01-10 22:37:49.050', 719, -870875895, 0, 0, '1968-06-29 09:13:19.990', '2011-08-02 01:44:26.190', 0x0000000000000803, 26, '2006-11-12 03:17:44.750', '1967-10-28 05:46:47.470', '1959-01-20 12:19:57.110', -1218325148, 1, 584, 719, '1973-07-08 22:55:28.050', 0, '1953-05-09 20:08:35.260', -817294531, 1150413578, 0, 1, 0, 0, 1, 0, 0, 1, 1725, 1725, '9M2K5QIM76RCMLSOMWUJSRE6CPKWI8X26P4FCAF5Z8TXUP249QRRT5DI8W7F6L4Z9O5WGCCBGPKKXGBNMFNR', 'LZSOQEDGCBCMXUKGX26FJ1144RH9RWKNW7K0EIXT1FIQVR3RAJ6T8SWK', '1969-02-07 15:44:13.240', '2012-03-12 08:15:19.430', '1988-04-16 00:46:25.620', 1, 1013206454, -1262699747, 'TKGRYR61', '74 North Cowley Blvd.', '436 Rocky Nobel Drive', '930 Rocky Fabien Freeway', 'PO2 4QZ', '617-407-2288', '0932005140', 'urzicqn1@ztpqb.jgl-ce.com', 'SMSXI7263N0DUWVW03JBRB5MD', 'FXJKOU5E3YZUO', '2PAHS', '1964-09-09 08:32:58.420', '1969-01-16 10:23:29.920', '576 Milton St.', '121 North Old Parkway', '92 Fabien St.', '965 East White Oak Boulevard', 'BB3 4YX', 1725, 1725, 0, -952304713, '1969-09-18 22:15:06.490', '116 North White Fabien Road', '1988-11-25 07:17:18.860', -1307074346, 'F5C6M0OOH0UE41LKU3LQXM0S1V3', '1984-03-07 08:50:37.430', 1, -157563859, 719, 582, 0, '1974-09-28 11:57:14.550', 1725, 1, -1904016889, 6026529, 719, 719, 754506399, 719, 1, 0, 527, 1, 0, 1, 0, 852462362, NULL),
(27, 6, '1953-12-06 04:58:35.250', 935, 3, '1953-09-21 07:22:22.430', '1996-10-23 23:53:28.620', 488, 488, 488, 'ut Pro estis quo', 0, 0, 'YYTLZ48SYBZQ0JIZT64BNKJDTJL3FPNWFY5LXIDZQU1J3BS1', 935, 'ZF2R6IU9JLZLGVYVFP36ME621Q2S3Z7IWWEUXSYMOGXHYR3QCJXNCOVK80QFG15KDGOKG4YMRGI6GP49MBGK1J670TMX2I6MAD3H3J98LAWV6P4JWGT4LLIUAGJNH', 'CRYMYZBWXP6M96KOI7T26IY6SK7SBPEN6MXSV53CMV23G1C83LUJJWWUTSTERIL7AIFM9SSC4HFBFUPR7ZOPUV4AQ2Y3BPK39USXLPYBTIF1GLEZ226SUWDFE5W6TO0EWC1L1S5H0DVCF2T4OZ18IS9DGCJGTSI5H044KSXAXOSH01ZBBSIUNRW42N4O8OO8UQUFYPJV2QBUZSDFC8519OIQ402XN8190KMA6KDM8', 'KKA91NXNAC2HZ5AGJ5KZ7SBXJCZ9118XYFYTNFWVM28S9LI89HP704KR9D', 1494, '1995-03-14 20:01:52.810', 488, 1243017919, 1, 1, '2015-03-22 01:52:15.620', '2005-10-28 12:38:20.180', 0x0000000000000805, 27, '1977-08-21 20:56:33.860', '1982-12-16 19:48:50.930', '1958-11-06 18:28:42.980', 1817631470, 0, 626, 488, '1978-11-14 00:19:05.800', 1, '1992-09-14 07:57:40.430', 2005112591, -1066787821, 0, 0, 1, 1, 1, 0, 1, 0, 1494, 1494, '590CM7F2ZYD4TN6J6OXEFA3KSKRKKSQYCI4F4KT4W9HQ6F3S54GR', 'OKYX4OG', '1953-02-21 15:22:23.350', '2010-09-29 02:08:27.920', '2001-05-07 12:54:32.480', 0, 32939877, 1593639785, 'EK4H0KWL4QHTYFA7280QWUYEWV2HT2MW', '362 Rocky Oak Drive', '31 South First Way', '880 South White Milton St.', 'EN91 2KT', '0300716062', '4779302701', 'motmr.sejjxbq@zpbalirqc.brvtnt.net', '38VI5HFXU6HVQZ4P43RHMLJGJ7DBQGH6J74U', 'RN41RNIT1ZL8005JEPRJ999CYX90WK25DI7W', '1CIBWSVMTXHUXNH5XCWQ4WBVZZ5F6SN6Y88EA6PZ2Y9KY', '1994-05-31 06:25:40.910', '2007-10-13 01:04:04.620', '13 Fabien Street', '120 Green Hague Avenue', '319 Rocky Oak Blvd.', '53 Cowley Freeway', 'HU7 2XJ', 1494, 1494, 1, -309101186, '1958-01-23 04:52:31.080', '95 North First Parkway', '2006-04-08 02:24:40.220', -1369648103, NULL, '1978-01-30 10:42:53.900', 1, 1169996791, 488, 624, 0, '1988-09-15 03:19:21.270', 1494, 0, -1357477915, 770694173, 488, 488, 1157826603, 488, 1, 1, 935, 0, 0, 0, 1, 171740246, 1),
(28, 9, '1975-05-13 22:48:54.120', 688, 2, '1992-09-27 13:16:48.940', '1983-05-07 00:02:53.500', 879, 879, 879, 'glavans quis', 0, 0, 'D7R6LEDFGR', 688, 'J8AVV2LM6327YRMA1AP21MP11PV97NZLQKQOKBT2X99P2DMQ7ZF8YEZXI8U67CFJ3GHE0YPPGM5RCZZN24177QNBKT5CGNVKUQMLW8P89PRB98KI9632B7BDS5T7TD9TRKWMDERUESXIYC2C8M2AJS9ME9SREHFWGYJOBX5VF9NIASEG2GZ6BY9ZA974L0FWD120SD0AH7VA5RCLUCOYI8KHOKE1Q09ETQ58QENPGPP32ZTJWMA9BHE4GK', 'SWG1499PB0INY674BXNM7TP1TF629SUJSMVM92VSNYW1QDLF228FYLFY7E8O37FJ5ZUCALU91UZ9XNAGTR06KFK77XEU', 'OOOL934IJ6GS38OC4JINXTRZKC1XUV6KAO86YHZO42Y1SOLZBRF8QPSUXO1X26OO0VIF', 1885, '2011-02-04 15:58:43.450', 879, -1828938537, 0, 1, '2017-08-30 16:47:29.730', '1992-03-06 12:09:14.980', 0x0000000000000807, 28, '1982-09-20 22:14:30.740', NULL, '1998-09-30 12:58:01.250', -1833870513, 0, 620, 879, '2005-04-25 13:46:47.530', 1, '1960-01-29 21:51:14.920', 548832705, 1418328852, 0, 1, 1, 1, 1, 0, 0, 1, 1885, 1885, 'D2U5FJ2GVI68FRBJQELVSH5TCED', 'OPQ9J1E5DE4IB9COPY7PRF4BZ3', '1974-01-19 06:56:36.850', '2015-07-25 02:18:22.120', '1990-01-28 21:40:07.370', 1, -1846200453, -128706733, 'DNDRXIA2NPGI0V56KVJ6AGJLPL5IFS23LLLRWF5Q', '828 South Rocky Cowley Way', '706 East Milton Parkway', '22 Green New Street', 'WR54 5MM', '237837-4894', '0040554024', 'dyhalj52@dtzkbodke.xcjsuu.net', 'LIJYW2PE5DK6271UVNHOEYY337DPABIVAD', 'H0Y7L', '7OEWRYL1Z50NCWNFG19BVOE3URMWN5NQWUSG190PKW83', '2009-10-13 00:06:26.190', '1985-01-06 17:11:45.470', '747 South First St.', '67 Cowley Avenue', '50 Fabien Boulevard', '13 West Green Old Parkway', 'UB7 3OM', 1885, 1885, 1, 1569299409, '1997-06-07 21:05:43.990', '271 North Nobel Freeway', '2013-06-17 11:49:14.500', 571026597, '4B', '2004-01-01 21:54:30.270', 1, -143502661, 879, 618, 0, '1985-01-31 18:05:01.790', 1885, 1, 1005948500, -1435938430, 879, 879, -578424564, 879, 1, 0, 688, 0, 0, 1, 0, -153366613, 1),
(29, 2, '1966-10-07 02:35:13.330', 547, 1, '1965-11-27 08:54:09.880', '2007-06-02 04:15:55.140', 736, 736, 736, 'Et et Multum', 0, 0, 'I4C8N2B1DX2BT4LSJZAIQKA2HWPT', 547, '8ZYKGXGGEL4VGOZHTJHEPQU53Q03CB1S52EPH486MIFXSQTKCZLKZ6LI4TGQXD32KCQD99ZOAAS7BXCDXFRCQGSZHWLOOI99ECCG0FB2ZWAOEE77H3SHMQC4JRWDOB0R1ISYKVCH4ODT64L2PE6KQRNNZ8W9IYENWIMVM8MLQBDXDIX', '7PGIDWRJ94H7ZD4M61J4RUC68YPFM4D60FU5IQJRJX', 'HENJTIUVP7VQ1M2GYUKVD9AF2MYEA1W65ZTDSOW7XZ7G660KM821YJM847H7KGLOBPL2SON9XDYD1T9WLDR1ZU7MCL9K6OMGEJ5GLYRXKS3LL97AXLM6PJPGHYQ7F339QHZHNSAMLUG7RM13DYML2FRUTPZM8KIHOUU49PN4AZLV2IPUXMTGGH6AP4OYTOE1BZIWRXTOBHA2UWSB04PLQ106OJE51OBMLJJ20S20T54Y74GSBCYPYTBAZB88INN', 1742, '2013-05-14 22:50:52.750', 736, 1874918474, 0, 1, '1971-11-26 14:41:21.990', '1990-05-29 13:03:27.840', 0x0000000000000809, 29, '1978-12-05 08:09:45.380', '1968-03-30 07:42:38.420', '2015-12-09 04:53:57.080', 251713050, 1, 871, 736, '1974-06-21 20:44:26.320', 0, '1954-05-07 04:30:18.030', 2121946359, 978822632, 0, 0, 1, 0, 0, 1, 0, 0, 1742, 1742, 'YEGCZ7ZG9AO0RO1RAIROR9FPUWYVW0S16LHG1U88SVAFPL33GDJTM', 'YZVXQ2061CHQIROVDR2MF7A75HQZ', '1954-01-29 17:00:05.740', '1972-08-01 15:22:11.590', '1991-02-02 13:44:17.440', 0, -488666787, -755842974, 'O85IWVZWA963QW', '221 Clarendon St.', '992 Rocky Milton Boulevard', '80 Rocky Fabien Street', 'UB9 7JO', '952-090-9978', '8068477862', 'vpapmi.dsse@izuhrk.net', 'L8JQJU1ETT4O9FCNJM5WMJFU', 'KYGU58', 'NTTCNH7AN8IAB1ZBOETHAQH37E60KQZF', '2000-09-06 13:15:45.160', '1984-04-18 19:28:11.440', '346 North Fabien St.', '90 Green Oak Drive', '34 South Old Blvd.', '78 White Cowley Freeway', NULL, 1742, 1742, 1, -998550539, '2003-04-02 19:18:49.500', '414 Fabien Street', '1973-04-07 16:03:01.190', 1259972892, 'AE9NNHCL', '1961-10-14 11:09:18.730', 1, 181193993, 736, 869, 0, '2005-10-27 01:21:53.830', 1742, 0, 2051427302, 171119842, 736, 736, -972648406, 736, 1, 0, 547, 1, 1, 0, 0, -1229750442, 1),
(30, 8, '1974-07-29 21:19:17.920', 82, 1, '1955-04-14 21:41:30.870', '1973-10-15 20:03:36.720', 680, 680, 680, 'gravis', 0, 1, 'S5HQXGMISW00QOVAWY20LT', 82, '6UO94F1AV4YBZ3Y69PXNHPGGRLTEEPAHAH3O94JGHCZH9AMNC6OOKAXGE7IJMMW6UH0H0AW46H55PY6GZ6270LX0KMA2M0TUFTNSA4N2AKI24RQF01JFKO58K0XDZTH6NAQVAE6UJZWG2UVSWU1', 'MIZL2GK1VVQ2CD99E6BW4QA7JIY3GHSKUAPN9DNZ23HB9CIS9G5L81FV8S1JHGLE3681NL00ICT09ZX6Z5UZC6BSUTFHC3HLI3734H4NF42V7FM', '6NHADPB71PRKW1ZJ3LTOQMOR883PKUH6IHSJM5FM1RN91QDXBO4WUYWKZP14MLM68L2E9GXX67NZYFPIV5DWPKCJL7JW', 1686, '1953-11-18 10:11:20.290', 680, 1743444169, 1, 1, '1955-09-05 04:05:28.050', '2009-08-19 07:40:17.610', 0x000000000000080B, 30, '1970-07-06 18:24:46.260', '1957-03-27 17:36:15.990', '2011-06-06 01:34:25.370', 2074955882, 1, 253, 680, '2013-03-22 19:28:33.120', 0, '2011-06-25 17:28:38.020', 1662768987, -241638902, 0, 0, 0, 0, 1, 0, 1, 0, 1686, 1686, 'OPZQH393J8HNU56KPFAJWWZZZ9SUFIHY', 'LFAGBG5HGDGA2AB87PY3JQJWGAQPNS9B0WGX7A6AIEWEMBCXYZXRSWQUWDZ1QGUO44A6UE0WJ', '1992-07-12 08:20:35.500', '1979-06-28 11:55:25.050', '1966-06-13 15:30:14.600', 1, -1829993344, -2077892880, '4S1BD', '19 Second Road', '820 White First Blvd.', '16 Second St.', 'ME85 7ST', '434-8427592', '4095649184', 'qmhz675@djrcng.net', 'OZ3TUOVOOGLCXYU', 'JA350IER2UDIWHXGUIS9NW', 'P7XTK0NFF9MA5P81DWIFL3WCP48B7QW920LT', '1971-11-01 21:12:37.870', '2019-03-10 11:37:51.020', '136 Nobel Drive', '397 New Drive', '59 Nobel Boulevard', '811 North White Old Drive', 'WV3 2NG', 1686, 1686, 0, -191268147, '1962-05-21 12:35:42.940', '67 White Hague Boulevard', '2003-04-20 19:45:22.040', 2080829872, 'Y285BKTN9M4QDW6S5J5RWRJ6', '1964-03-07 06:29:50.690', 0, -924944372, 680, 251, 1, '2019-12-07 03:58:48.010', 1686, 1, 512757474, -760657013, 680, 680, -1504355621, 680, 1, 1, 82, 0, 1, 1, 1, -1587967798, 1);

SET IDENTITY_INSERT dbo.REVIEW OFF;  
GO

SET IDENTITY_INSERT dbo.REVIEW_REASON ON;  
GO

INSERT INTO dbo.REVIEW_REASON (ID, DESCRIPTION) VALUES
(1, 'Tariff expiring'),
(2, 'Automatic'),
(3, 'Christmas'),
(4, 'Pardon');

SET IDENTITY_INSERT dbo.REVIEW_REASON OFF;  
GO

SET IDENTITY_INSERT dbo.OFFENDER ON;  
GO

INSERT INTO dbo.OFFENDER (OFFENDER_ID, FILE_REFERENCE, PRISON_NUMBER, CRO_PNC, FIRST_NAMES, FAMILY_NAME, DOB) VALUES
(1, '123456AB', 'A1234AA', 'X349420', 'Jack', 'Johnson',  '1974-06-21 00:00:00.000'),
(2, '123456AC', 'A1234AB', 'X349421', 'Tyrone', 'George',  '1981-06-21 00:00:00.000'),
(3, '123456AD', 'A1234AC', 'X349422', 'Brad', 'Gibson',  '1993-07-20 00:00:00.000'),
(4, '123456AE', 'A1234AD', 'X349423', 'Dave', 'Jensen',  '1971-06-19 00:00:00.000'),
(5, '123456AF', 'A1234AE', 'X349424', 'Peter', 'Taylor',  '1986-01-27 00:00:00.000'),
(6, '123456AG', 'A1234AF', 'X349425', 'Joshua', 'Knight',  '1960-06-21 00:00:00.000'),
(7, '123456AH', 'A1234AG', 'X349426', 'Sebastian', 'Nixon',  '1957-12-08 00:00:00.000'),
(8, '123456AI', 'A1234AH', 'X349427', 'James', 'Fry',  '1958-02-17 00:00:00.000'),
(9, '123456AJ', 'A1234AI', 'X349428', 'James', 'Ward',  '1985-08-01 00:00:00.000'),
(10, '123456AK', 'A1234AJ', 'X349429', 'Jordan', 'Tomlinson',  '1978-09-23 00:00:00.000');

SET IDENTITY_INSERT dbo.OFFENDER OFF;
GO

SET IDENTITY_INSERT dbo.DOCUMENTS ON;
GO

INSERT INTO dbo.DOCUMENTS (ID, REVIEW, DOCUMENT_TYPE, DOCUMENT_TITLE, COMMENTS, FILE_EXTENSION, DRAFT) VALUES
(1, 1, 'Court document', 'Judges sentencing remarks', NULL, 'pdf',  0);

SET IDENTITY_INSERT dbo.DOCUMENTS OFF;
GO
